ticker,m_ticker,comp_name,fye,per_type,per_end_date,active_ticker_flag,shares_out,avg_d_shares
AAPL,AAPL,APPLE INC,9,Q,2017-09-30,Y,5165.23,
AAPL,AAPL,APPLE INC,9,Q,2017-06-30,Y,5213.84,5233.5
AAPL,AAPL,APPLE INC,9,Q,2017-03-31,Y,5246.54,5261.69
AAPL,AAPL,APPLE INC,9,Q,2016-12-31,Y,5257.82,5328.0
AAPL,AAPL,APPLE INC,9,Q,2016-09-30,Y,5388.44,5393.33
AAPL,AAPL,APPLE INC,9,Q,2016-06-30,Y,5388.44,5472.78
AAPL,AAPL,APPLE INC,9,Q,2016-03-31,Y,5478.45,5540.89
AAPL,AAPL,APPLE INC,9,Q,2015-12-31,Y,5544.49,5594.13
AAPL,AAPL,APPLE INC,9,Q,2015-09-30,Y,5702.72,5682.52
AAPL,AAPL,APPLE INC,9,Q,2015-06-30,Y,5702.72,5773.1
AAPL,AAPL,APPLE INC,9,Q,2015-03-31,Y,5866.16,5834.86
AAPL,AAPL,APPLE INC,9,Q,2014-12-31,Y,5824.75,5881.8
AAPL,AAPL,APPLE INC,9,Q,2014-09-30,Y,5864.84,5972.08
AAPL,AAPL,APPLE INC,9,Q,2014-06-30,Y,5987.87,6051.71
AAPL,AAPL,APPLE INC,9,Q,2014-03-31,Y,6030.0,6156.7
AAPL,AAPL,APPLE INC,9,Q,2013-12-31,Y,6247.86,6310.16
AAPL,AAPL,APPLE INC,9,Q,2013-09-30,Y,6359.48,6363.92
AAPL,AAPL,APPLE INC,9,Q,2013-06-30,Y,6570.54,6469.85
AAPL,AAPL,APPLE INC,9,Q,2013-03-31,Y,6573.41,6622.25
AAPL,AAPL,APPLE INC,9,Q,2012-12-31,Y,6571.73,6630.52
AAPL,AAPL,APPLE INC,9,Q,2012-09-30,Y,6561.84,6637.3
AAPL,AAPL,APPLE INC,9,Q,2012-06-30,Y,6545.44,6629.41
AAPL,AAPL,APPLE INC,9,Q,2012-03-31,Y,6526.59,6614.25
AAPL,AAPL,APPLE INC,9,Q,2011-12-31,Y,6505.86,6591.0
AAPL,AAPL,APPLE INC,9,Q,2011-09-30,Y,6489.64,6576.62
AAPL,AAPL,APPLE INC,9,Q,2011-06-30,Y,6473.29,6564.67
AAPL,AAPL,APPLE INC,9,Q,2011-03-31,Y,6448.95,6551.61
AXP,AXP,AMER EXPRESS CO,12,Q,2017-09-30,Y,868.0,881.0
AXP,AXP,AMER EXPRESS CO,12,Q,2017-06-30,Y,883.98,893.0
AXP,AXP,AMER EXPRESS CO,12,Q,2017-03-31,Y,893.78,903.0
AXP,AXP,AMER EXPRESS CO,12,Q,2016-12-31,Y,915.26,913.0
AXP,AXP,AMER EXPRESS CO,12,Q,2016-09-30,Y,915.26,923.0
AXP,AXP,AMER EXPRESS CO,12,Q,2016-06-30,Y,923.78,941.0
AXP,AXP,AMER EXPRESS CO,12,Q,2016-03-31,Y,951.0,963.0
AXP,AXP,AMER EXPRESS CO,12,Q,2015-12-31,Y,969.0,981.0
AXP,AXP,AMER EXPRESS CO,12,Q,2015-09-30,Y,985.0,997.0
AXP,AXP,AMER EXPRESS CO,12,Q,2015-06-30,Y,1002.0,1013.0
AXP,AXP,AMER EXPRESS CO,12,Q,2015-03-31,Y,1016.0,1023.0
AXP,AXP,AMER EXPRESS CO,12,Q,2014-12-31,Y,1023.0,1033.0
AXP,AXP,AMER EXPRESS CO,12,Q,2014-09-30,Y,1035.0,1047.0
AXP,AXP,AMER EXPRESS CO,12,Q,2014-06-30,Y,1058.6,1058.0
AXP,AXP,AMER EXPRESS CO,12,Q,2014-03-31,Y,1059.61,1067.0
AXP,AXP,AMER EXPRESS CO,12,Q,2013-12-31,Y,1071.27,1073.0
AXP,AXP,AMER EXPRESS CO,12,Q,2013-09-30,Y,1078.86,1081.0
AXP,AXP,AMER EXPRESS CO,12,Q,2013-06-30,Y,1098.64,1097.0
AXP,AXP,AMER EXPRESS CO,12,Q,2013-03-31,Y,1101.99,1106.0
AXP,AXP,AMER EXPRESS CO,12,Q,2012-12-31,Y,1119.06,1116.0
AXP,AXP,AMER EXPRESS CO,12,Q,2012-09-30,Y,1133.65,1132.0
AXP,AXP,AMER EXPRESS CO,12,Q,2012-06-30,Y,1150.91,1152.0
AXP,AXP,AMER EXPRESS CO,12,Q,2012-03-31,Y,1168.29,1166.0
AXP,AXP,AMER EXPRESS CO,12,Q,2011-12-31,Y,1161.48,1163.0
AXP,AXP,AMER EXPRESS CO,12,Q,2011-09-30,Y,1193.76,1181.0
AXP,AXP,AMER EXPRESS CO,12,Q,2011-06-30,Y,1202.15,1197.0
AXP,AXP,AMER EXPRESS CO,12,Q,2011-03-31,Y,1202.34,1198.0
BA,BA,BOEING CO,12,Q,2017-09-30,Y,595.58,606.3
BA,BA,BOEING CO,12,Q,2017-06-30,Y,591.08,609.6
BA,BA,BOEING CO,12,Q,2017-03-31,Y,603.58,621.2
BA,BA,BOEING CO,12,Q,2016-12-31,Y,617.17,630.3
BA,BA,BOEING CO,12,Q,2016-09-30,Y,617.17,632.7
BA,BA,BOEING CO,12,Q,2016-06-30,Y,637.01,636.3
BA,BA,BOEING CO,12,Q,2016-03-31,Y,637.01,665.8
BA,BA,BOEING CO,12,Q,2015-12-31,Y,669.98,681.2
BA,BA,BOEING CO,12,Q,2015-09-30,Y,669.98,689.0
BA,BA,BOEING CO,12,Q,2015-06-30,Y,679.49,698.9
BA,BA,BOEING CO,12,Q,2015-03-31,Y,691.52,714.2
BA,BA,BOEING CO,12,Q,2014-12-31,Y,712.93,724.8
BA,BA,BOEING CO,12,Q,2014-09-30,Y,712.93,731.9
BA,BA,BOEING CO,12,Q,2014-06-30,Y,729.22,740.1
BA,BA,BOEING CO,12,Q,2014-03-31,Y,737.08,754.1
BA,BA,BOEING CO,12,Q,2013-12-31,Y,743.4,768.4
BA,BA,BOEING CO,12,Q,2013-09-30,Y,754.44,769.1
BA,BA,BOEING CO,12,Q,2013-06-30,Y,758.68,771.8
BA,BA,BOEING CO,12,Q,2013-03-31,Y,757.31,768.7
BA,BA,BOEING CO,12,Q,2012-12-31,Y,754.08,763.8
BA,BA,BOEING CO,12,Q,2012-09-30,Y,751.8,765.2
BA,BA,BOEING CO,12,Q,2012-06-30,Y,749.05,762.0
BA,BA,BOEING CO,12,Q,2012-03-31,Y,747.83,759.6
BA,BA,BOEING CO,12,Q,2011-12-31,Y,743.23,757.1
BA,BA,BOEING CO,12,Q,2011-09-30,Y,741.09,753.9
BA,BA,BOEING CO,12,Q,2011-06-30,Y,738.28,752.5
BA,BA,BOEING CO,12,Q,2011-03-31,Y,737.07,749.0
CAT,CTR,CATERPILLAR INC,12,Q,2017-09-30,Y,590.97,600.1
CAT,CTR,CATERPILLAR INC,12,Q,2017-06-30,Y,589.09,595.4
CAT,CTR,CATERPILLAR INC,12,Q,2017-03-31,Y,589.16,593.2
CAT,CTR,CATERPILLAR INC,12,Q,2016-12-31,Y,585.07,585.8
CAT,CTR,CATERPILLAR INC,12,Q,2016-09-30,Y,584.23,589.6
CAT,CTR,CATERPILLAR INC,12,Q,2016-06-30,Y,583.89,588.6
CAT,CTR,CATERPILLAR INC,12,Q,2016-03-31,Y,583.89,587.7
CAT,CTR,CATERPILLAR INC,12,Q,2015-12-31,Y,582.23,582.3
CAT,CTR,CATERPILLAR INC,12,Q,2015-09-30,Y,582.23,594.8
CAT,CTR,CATERPILLAR INC,12,Q,2015-06-30,Y,603.64,610.7
CAT,CTR,CATERPILLAR INC,12,Q,2015-03-31,Y,603.7,612.7
CAT,CTR,CATERPILLAR INC,12,Q,2014-12-31,Y,605.4,616.0
CAT,CTR,CATERPILLAR INC,12,Q,2014-09-30,Y,627.85,622.8
CAT,CTR,CATERPILLAR INC,12,Q,2014-06-30,Y,624.23,638.3
CAT,CTR,CATERPILLAR INC,12,Q,2014-03-31,Y,637.82,639.3
CAT,CTR,CATERPILLAR INC,12,Q,2013-12-31,Y,636.36,649.6
CAT,CTR,CATERPILLAR INC,12,Q,2013-09-30,Y,647.61,651.9
CAT,CTR,CATERPILLAR INC,12,Q,2013-06-30,Y,657.7,662.7
CAT,CTR,CATERPILLAR INC,12,Q,2013-03-31,Y,655.05,671.6
CAT,CTR,CATERPILLAR INC,12,Q,2012-12-31,Y,653.93,669.3
CAT,CTR,CATERPILLAR INC,12,Q,2012-09-30,Y,653.27,668.7
CAT,CTR,CATERPILLAR INC,12,Q,2012-06-30,Y,652.5,669.6
CAT,CTR,CATERPILLAR INC,12,Q,2012-03-31,Y,647.53,670.2
CAT,CTR,CATERPILLAR INC,12,Q,2011-12-31,Y,646.62,665.9
CAT,CTR,CATERPILLAR INC,12,Q,2011-09-30,Y,646.07,666.0
CAT,CTR,CATERPILLAR INC,12,Q,2011-06-30,Y,644.69,667.2
CAT,CTR,CATERPILLAR INC,12,Q,2011-03-31,Y,638.82,664.9
CSCO,CSCO,CISCO SYSTEMS,7,Q,2017-10-31,Y,4951.78,
CSCO,CSCO,CISCO SYSTEMS,7,Q,2017-07-31,Y,5000.05,5027.0
CSCO,CSCO,CISCO SYSTEMS,7,Q,2017-04-30,Y,5000.05,5045.0
CSCO,CSCO,CISCO SYSTEMS,7,Q,2017-01-31,Y,5007.86,5040.0
CSCO,CSCO,CISCO SYSTEMS,7,Q,2016-10-31,Y,5019.76,5066.0
CSCO,CSCO,CISCO SYSTEMS,7,Q,2016-07-31,Y,5029.71,5067.0
CSCO,CSCO,CISCO SYSTEMS,7,Q,2016-04-30,Y,5032.12,5065.0
CSCO,CSCO,CISCO SYSTEMS,7,Q,2016-01-31,Y,5032.12,5097.0
CSCO,CSCO,CISCO SYSTEMS,7,Q,2015-10-31,Y,5076.08,5113.0
CSCO,CSCO,CISCO SYSTEMS,7,Q,2015-07-31,Y,5085.89,5131.0
CSCO,CSCO,CISCO SYSTEMS,7,Q,2015-04-30,Y,5085.89,5148.0
CSCO,CSCO,CISCO SYSTEMS,7,Q,2015-01-31,Y,5104.74,5160.0
CSCO,CSCO,CISCO SYSTEMS,7,Q,2014-10-31,Y,5113.59,5156.0
CSCO,CSCO,CISCO SYSTEMS,7,Q,2014-07-31,Y,5122.69,5172.0
CSCO,CSCO,CISCO SYSTEMS,7,Q,2014-04-30,Y,5151.28,5180.0
CSCO,CSCO,CISCO SYSTEMS,7,Q,2014-01-31,Y,5346.62,5327.0
CSCO,CSCO,CISCO SYSTEMS,7,Q,2013-10-31,Y,5384.46,5430.0
CSCO,CSCO,CISCO SYSTEMS,7,Q,2013-07-31,Y,5344.34,5437.0
CSCO,CSCO,CISCO SYSTEMS,7,Q,2013-04-30,Y,5331.97,5387.0
CSCO,CSCO,CISCO SYSTEMS,7,Q,2013-01-31,Y,5309.25,5357.0
CSCO,CSCO,CISCO SYSTEMS,7,Q,2012-10-31,Y,5302.45,5334.0
CSCO,CSCO,CISCO SYSTEMS,7,Q,2012-07-31,Y,5356.88,5354.0
CSCO,CSCO,CISCO SYSTEMS,7,Q,2012-04-30,Y,5385.94,5456.0
CSCO,CSCO,CISCO SYSTEMS,7,Q,2012-01-31,Y,5375.86,5401.0
CSCO,CSCO,CISCO SYSTEMS,7,Q,2011-10-31,Y,5365.0,5407.0
CSCO,CSCO,CISCO SYSTEMS,7,Q,2011-07-31,Y,5500.19,5496.0
CSCO,CSCO,CISCO SYSTEMS,7,Q,2011-04-30,Y,5528.0,5537.0
CSCO,CSCO,CISCO SYSTEMS,7,Q,2011-01-31,Y,5542.76,5587.0
CVX,SD,CHEVRON CORP,12,Q,2017-09-30,Y,1895.0,1895.88
CVX,SD,CHEVRON CORP,12,Q,2017-06-30,Y,1894.56,1893.01
CVX,SD,CHEVRON CORP,12,Q,2017-03-31,Y,1894.56,1895.39
CVX,SD,CHEVRON CORP,12,Q,2016-12-31,Y,1887.77,1890.04
CVX,SD,CHEVRON CORP,12,Q,2016-09-30,Y,1886.52,1883.34
CVX,SD,CHEVRON CORP,12,Q,2016-06-30,Y,1884.7,1871.99
CVX,SD,CHEVRON CORP,12,Q,2016-03-31,Y,1884.7,1869.78
CVX,SD,CHEVRON CORP,12,Q,2015-12-31,Y,1882.04,1874.31
CVX,SD,CHEVRON CORP,12,Q,2015-09-30,Y,1880.48,1872.42
CVX,SD,CHEVRON CORP,12,Q,2015-06-30,Y,1880.48,1876.7
CVX,SD,CHEVRON CORP,12,Q,2015-03-31,Y,1880.48,1876.5
CVX,SD,CHEVRON CORP,12,Q,2014-12-31,Y,1890.42,1883.65
CVX,SD,CHEVRON CORP,12,Q,2014-09-30,Y,1898.93,1896.49
CVX,SD,CHEVRON CORP,12,Q,2014-06-30,Y,1903.65,1902.32
CVX,SD,CHEVRON CORP,12,Q,2014-03-31,Y,1909.13,1909.42
CVX,SD,CHEVRON CORP,12,Q,2013-12-31,Y,1923.17,1919.32
CVX,SD,CHEVRON CORP,12,Q,2013-09-30,Y,1932.02,1929.83
CVX,SD,CHEVRON CORP,12,Q,2013-06-30,Y,1938.5,1936.78
CVX,SD,CHEVRON CORP,12,Q,2013-03-31,Y,1942.7,1943.93
CVX,SD,CHEVRON CORP,12,Q,2012-12-31,Y,1957.18,1952.3
CVX,SD,CHEVRON CORP,12,Q,2012-09-30,Y,1962.14,1960.14
CVX,SD,CHEVRON CORP,12,Q,2012-06-30,Y,1972.67,1967.99
CVX,SD,CHEVRON CORP,12,Q,2012-03-31,Y,1976.97,1978.78
CVX,SD,CHEVRON CORP,12,Q,2011-12-31,Y,1991.48,1987.15
CVX,SD,CHEVRON CORP,12,Q,2011-09-30,Y,2002.98,1998.67
CVX,SD,CHEVRON CORP,12,Q,2011-06-30,Y,2010.24,2008.99
CVX,SD,CHEVRON CORP,12,Q,2011-03-31,Y,2007.45,2008.58
DD,DD,DU PONT (EI) DE,12,Q,2017-09-30,N,867.81,
DD,DD,DU PONT (EI) DE,12,Q,2017-06-30,N,867.81,872.75
DD,DD,DU PONT (EI) DE,12,Q,2017-03-31,N,867.03,871.08
DD,DD,DU PONT (EI) DE,12,Q,2016-12-31,N,869.34,872.36
DD,DD,DU PONT (EI) DE,12,Q,2016-09-30,N,869.34,879.39
DD,DD,DU PONT (EI) DE,12,Q,2016-06-30,N,874.33,879.18
DD,DD,DU PONT (EI) DE,12,Q,2016-03-31,N,873.51,877.25
DD,DD,DU PONT (EI) DE,12,Q,2015-12-31,N,876.41,881.73
DD,DD,DU PONT (EI) DE,12,Q,2015-09-30,N,904.84,891.29
DD,DD,DU PONT (EI) DE,12,Q,2015-06-30,N,904.84,911.68
DD,DD,DU PONT (EI) DE,12,Q,2015-03-31,N,905.24,913.82
DD,DD,DU PONT (EI) DE,12,Q,2014-12-31,N,905.95,913.65
DD,DD,DU PONT (EI) DE,12,Q,2014-09-30,N,915.24,910.76
DD,DD,DU PONT (EI) DE,12,Q,2014-06-30,N,918.35,925.59
DD,DD,DU PONT (EI) DE,12,Q,2014-03-31,N,916.28,930.73
DD,DD,DU PONT (EI) DE,12,Q,2013-12-31,N,927.72,934.95
DD,DD,DU PONT (EI) DE,12,Q,2013-09-30,N,923.43,933.01
DD,DD,DU PONT (EI) DE,12,Q,2013-06-30,N,920.47,929.48
DD,DD,DU PONT (EI) DE,12,Q,2013-03-31,N,919.07,935.39
DD,DD,DU PONT (EI) DE,12,Q,2012-12-31,N,932.47,941.22
DD,DD,DU PONT (EI) DE,12,Q,2012-09-30,N,930.37,940.53
DD,DD,DU PONT (EI) DE,12,Q,2012-06-30,N,937.04,942.83
DD,DD,DU PONT (EI) DE,12,Q,2012-03-31,N,935.04,944.24
DD,DD,DU PONT (EI) DE,12,Q,2011-12-31,N,923.92,935.71
DD,DD,DU PONT (EI) DE,12,Q,2011-09-30,N,932.5,943.48
DD,DD,DU PONT (EI) DE,12,Q,2011-06-30,N,928.71,943.99
DD,DD,DU PONT (EI) DE,12,Q,2011-03-31,N,926.37,940.91
DIS,DIS,DISNEY WALT,9,Q,2017-09-30,Y,1543.48,
DIS,DIS,DISNEY WALT,9,Q,2017-06-30,Y,1564.88,1562.0
DIS,DIS,DISNEY WALT,9,Q,2017-03-31,Y,1581.25,1591.0
DIS,DIS,DISNEY WALT,9,Q,2016-12-31,Y,1583.83,1603.0
DIS,DIS,DISNEY WALT,9,Q,2016-09-30,Y,1607.1,1606.0
DIS,DIS,DISNEY WALT,9,Q,2016-06-30,Y,1622.44,1631.0
DIS,DIS,DISNEY WALT,9,Q,2016-03-31,Y,1631.57,1643.0
DIS,DIS,DISNEY WALT,9,Q,2015-12-31,Y,1641.64,1668.0
DIS,DIS,DISNEY WALT,9,Q,2015-09-30,Y,1687.86,1694.0
DIS,DIS,DISNEY WALT,9,Q,2015-06-30,Y,1696.76,1711.0
DIS,DIS,DISNEY WALT,9,Q,2015-03-31,Y,1699.56,1715.0
DIS,DIS,DISNEY WALT,9,Q,2014-12-31,Y,1694.97,1717.0
DIS,DIS,DISNEY WALT,9,Q,2014-09-30,Y,1716.55,1734.0
DIS,DIS,DISNEY WALT,9,Q,2014-06-30,Y,1731.84,1748.0
DIS,DIS,DISNEY WALT,9,Q,2014-03-31,Y,1752.06,1770.0
DIS,DIS,DISNEY WALT,9,Q,2013-12-31,Y,1757.28,1784.0
DIS,DIS,DISNEY WALT,9,Q,2013-09-30,Y,1786.44,1805.0
DIS,DIS,DISNEY WALT,9,Q,2013-06-30,Y,1800.94,1821.0
DIS,DIS,DISNEY WALT,9,Q,2013-03-31,Y,1805.44,1825.0
DIS,DIS,DISNEY WALT,9,Q,2012-12-31,Y,1772.12,1800.0
DIS,DIS,DISNEY WALT,9,Q,2012-09-30,Y,1794.28,1817.0
DIS,DIS,DISNEY WALT,9,Q,2012-06-30,Y,1787.36,1812.0
DIS,DIS,DISNEY WALT,9,Q,2012-03-31,Y,1792.36,1818.0
DIS,DIS,DISNEY WALT,9,Q,2011-12-31,Y,1796.51,1824.0
DIS,DIS,DISNEY WALT,9,Q,2011-09-30,Y,1856.0,1864.0
DIS,DIS,DISNEY WALT,9,Q,2011-06-30,Y,1890.15,1912.0
DIS,DIS,DISNEY WALT,9,Q,2011-03-31,Y,1899.07,1934.0
GE,GE,GENL ELECTRIC,12,Q,2017-09-30,Y,8672.08,8732.0
GE,GE,GENL ELECTRIC,12,Q,2017-06-30,Y,8657.95,8760.0
GE,GE,GENL ELECTRIC,12,Q,2017-03-31,Y,8708.71,8714.0
GE,GE,GENL ELECTRIC,12,Q,2016-12-31,Y,8846.39,8901.0
GE,GE,GENL ELECTRIC,12,Q,2016-09-30,Y,8961.23,9016.0
GE,GE,GENL ELECTRIC,12,Q,2016-06-30,Y,9195.66,9164.0
GE,GE,GENL ELECTRIC,12,Q,2016-03-31,Y,9285.13,9372.0
GE,GE,GENL ELECTRIC,12,Q,2015-12-31,Y,9379.29,9821.0
GE,GE,GENL ELECTRIC,12,Q,2015-09-30,Y,10109.24,10173.0
GE,GE,GENL ELECTRIC,12,Q,2015-06-30,Y,10096.43,10158.0
GE,GE,GENL ELECTRIC,12,Q,2015-03-31,Y,10075.93,10067.0
GE,GE,GENL ELECTRIC,12,Q,2014-12-31,Y,10057.38,10050.0
GE,GE,GENL ELECTRIC,12,Q,2014-09-30,Y,10042.19,10039.0
GE,GE,GENL ELECTRIC,12,Q,2014-06-30,Y,10033.9,10110.0
GE,GE,GENL ELECTRIC,12,Q,2014-03-31,Y,10027.76,10045.0
GE,GE,GENL ELECTRIC,12,Q,2013-12-31,Y,10117.37,10162.0
GE,GE,GENL ELECTRIC,12,Q,2013-09-30,Y,10183.78,10151.0
GE,GE,GENL ELECTRIC,12,Q,2013-06-30,Y,10340.12,10328.0
GE,GE,GENL ELECTRIC,12,Q,2013-03-31,Y,10398.27,10433.0
GE,GE,GENL ELECTRIC,12,Q,2012-12-31,Y,10486.3,10500.0
GE,GE,GENL ELECTRIC,12,Q,2012-09-30,Y,10558.84,10568.0
GE,GE,GENL ELECTRIC,12,Q,2012-06-30,Y,10587.32,10611.0
GE,GE,GENL ELECTRIC,12,Q,2012-03-31,Y,10581.26,10611.0
GE,GE,GENL ELECTRIC,12,Q,2011-12-31,Y,10557.35,10566.0
GE,GE,GENL ELECTRIC,12,Q,2011-09-30,Y,10600.34,10607.0
GE,GE,GENL ELECTRIC,12,Q,2011-06-30,Y,10605.45,10604.0
GE,GE,GENL ELECTRIC,12,Q,2011-03-31,Y,10618.49,10641.0
GS,GS&,GOLDMAN SACHS,12,Q,2017-09-30,Y,386.88,405.7
GS,GS&,GOLDMAN SACHS,12,Q,2017-06-30,Y,393.63,413.3
GS,GS&,GOLDMAN SACHS,12,Q,2017-03-31,Y,397.79,420.1
GS,GS&,GOLDMAN SACHS,12,Q,2016-12-31,Y,397.65,423.5
GS,GS&,GOLDMAN SACHS,12,Q,2016-09-30,Y,405.46,430.2
GS,GS&,GOLDMAN SACHS,12,Q,2016-06-30,Y,415.39,439.2
GS,GS&,GOLDMAN SACHS,12,Q,2016-03-31,Y,418.76,447.4
GS,GS&,GOLDMAN SACHS,12,Q,2015-12-31,Y,426.54,451.9
GS,GS&,GOLDMAN SACHS,12,Q,2015-09-30,Y,432.87,458.6
GS,GS&,GOLDMAN SACHS,12,Q,2015-06-30,Y,432.02,461.6
GS,GS&,GOLDMAN SACHS,12,Q,2015-03-31,Y,450.9,462.9
GS,GS&,GOLDMAN SACHS,12,Q,2014-12-31,Y,435.55,463.4
GS,GS&,GOLDMAN SACHS,12,Q,2014-09-30,Y,452.8,469.2
GS,GS&,GOLDMAN SACHS,12,Q,2014-06-30,Y,447.18,475.9
GS,GS&,GOLDMAN SACHS,12,Q,2014-03-31,Y,452.75,484.6
GS,GS&,GOLDMAN SACHS,12,Q,2013-12-31,Y,453.23,488.7
GS,GS&,GOLDMAN SACHS,12,Q,2013-09-30,Y,449.1,496.4
GS,GS&,GOLDMAN SACHS,12,Q,2013-06-30,Y,458.51,503.5
GS,GS&,GOLDMAN SACHS,12,Q,2013-03-31,Y,465.5,509.8
GS,GS&,GOLDMAN SACHS,12,Q,2012-12-31,Y,469.94,505.6
GS,GS&,GOLDMAN SACHS,12,Q,2012-09-30,Y,479.42,510.9
GS,GS&,GOLDMAN SACHS,12,Q,2012-06-30,Y,491.88,520.3
GS,GS&,GOLDMAN SACHS,12,Q,2012-03-31,Y,494.9,529.2
GS,GS&,GOLDMAN SACHS,12,Q,2011-12-31,Y,492.31,531.8
GS,GS&,GOLDMAN SACHS,12,Q,2011-09-30,Y,505.79,518.2
GS,GS&,GOLDMAN SACHS,12,Q,2011-06-30,Y,517.73,569.5
GS,GS&,GOLDMAN SACHS,12,Q,2011-03-31,Y,520.51,583.0
HD,HOMD,HOME DEPOT,1,Q,2017-10-31,Y,1178.82,
HD,HOMD,HOME DEPOT,1,Q,2017-07-31,Y,1178.82,1189.0
HD,HOMD,HOME DEPOT,1,Q,2017-04-30,Y,1195.56,1204.0
HD,HOMD,HOME DEPOT,1,Q,2017-01-31,Y,1218.16,1211.0
HD,HOMD,HOME DEPOT,1,Q,2016-10-31,Y,1218.16,1229.0
HD,HOMD,HOME DEPOT,1,Q,2016-07-31,Y,1235.57,1240.0
HD,HOMD,HOME DEPOT,1,Q,2016-04-30,Y,1244.01,1252.0
HD,HOMD,HOME DEPOT,1,Q,2016-01-31,Y,1267.88,1259.0
HD,HOMD,HOME DEPOT,1,Q,2015-10-31,Y,1267.88,1274.0
HD,HOMD,HOME DEPOT,1,Q,2015-07-31,Y,1284.1,1289.0
HD,HOMD,HOME DEPOT,1,Q,2015-04-30,Y,1298.98,1305.0
HD,HOMD,HOME DEPOT,1,Q,2015-01-31,Y,1317.83,1314.0
HD,HOMD,HOME DEPOT,1,Q,2014-10-31,Y,1317.83,1334.0
HD,HOMD,HOME DEPOT,1,Q,2014-07-31,Y,1367.62,1353.0
HD,HOMD,HOME DEPOT,1,Q,2014-04-30,Y,1368.1,1376.0
HD,HOMD,HOME DEPOT,1,Q,2014-01-31,Y,1408.23,1391.0
HD,HOMD,HOME DEPOT,1,Q,2013-10-31,Y,1432.44,1417.0
HD,HOMD,HOME DEPOT,1,Q,2013-07-31,Y,1460.8,1443.0
HD,HOMD,HOME DEPOT,1,Q,2013-04-30,Y,1482.17,1478.0
HD,HOMD,HOME DEPOT,1,Q,2013-01-31,Y,1495.18,1491.0
HD,HOMD,HOME DEPOT,1,Q,2012-10-31,Y,1507.44,1498.0
HD,HOMD,HOME DEPOT,1,Q,2012-07-31,Y,1530.66,1512.0
HD,HOMD,HOME DEPOT,1,Q,2012-04-30,Y,1524.89,1531.0
HD,HOMD,HOME DEPOT,1,Q,2012-01-31,Y,1541.57,1535.0
HD,HOMD,HOME DEPOT,1,Q,2011-10-31,Y,1564.29,1548.0
HD,HOMD,HOME DEPOT,1,Q,2011-07-31,Y,1592.24,1577.0
HD,HOMD,HOME DEPOT,1,Q,2011-04-30,Y,1598.07,1611.0
HD,HOMD,HOME DEPOT,1,Q,2011-01-31,Y,1638.82,1626.0
IBM,IBM,INTL BUS MACH,12,Q,2017-09-30,Y,931.94,933.2
IBM,IBM,INTL BUS MACH,12,Q,2017-06-30,Y,931.94,939.6
IBM,IBM,INTL BUS MACH,12,Q,2017-03-31,Y,939.5,947.8
IBM,IBM,INTL BUS MACH,12,Q,2016-12-31,Y,950.85,952.7
IBM,IBM,INTL BUS MACH,12,Q,2016-09-30,Y,950.85,957.3
IBM,IBM,INTL BUS MACH,12,Q,2016-06-30,Y,956.0,960.5
IBM,IBM,INTL BUS MACH,12,Q,2016-03-31,Y,959.96,964.4
IBM,IBM,INTL BUS MACH,12,Q,2015-12-31,Y,970.11,972.8
IBM,IBM,INTL BUS MACH,12,Q,2015-09-30,Y,970.11,979.0
IBM,IBM,INTL BUS MACH,12,Q,2015-06-30,Y,987.0,986.7
IBM,IBM,INTL BUS MACH,12,Q,2015-03-31,Y,985.0,992.3
IBM,IBM,INTL BUS MACH,12,Q,2014-12-31,Y,991.0,995.4
IBM,IBM,INTL BUS MACH,12,Q,2014-09-30,Y,989.66,997.7
IBM,IBM,INTL BUS MACH,12,Q,2014-06-30,Y,1012.18,1005.1
IBM,IBM,INTL BUS MACH,12,Q,2014-03-31,Y,1041.34,1041.8
IBM,IBM,INTL BUS MACH,12,Q,2013-12-31,Y,1085.85,1080.0
IBM,IBM,INTL BUS MACH,12,Q,2013-09-30,Y,1095.43,1098.8
IBM,IBM,INTL BUS MACH,12,Q,2013-06-30,Y,1108.79,1109.4
IBM,IBM,INTL BUS MACH,12,Q,2013-03-31,Y,1114.51,1124.0
IBM,IBM,INTL BUS MACH,12,Q,2012-12-31,Y,1129.93,1136.4
IBM,IBM,INTL BUS MACH,12,Q,2012-09-30,Y,1142.78,1149.3
IBM,IBM,INTL BUS MACH,12,Q,2012-06-30,Y,1153.48,1161.9
IBM,IBM,INTL BUS MACH,12,Q,2012-03-31,Y,1158.66,1174.2
IBM,IBM,INTL BUS MACH,12,Q,2011-12-31,Y,1178.62,1188.7
IBM,IBM,INTL BUS MACH,12,Q,2011-09-30,Y,1194.28,1204.9
IBM,IBM,INTL BUS MACH,12,Q,2011-06-30,Y,1211.2,1221.4
IBM,IBM,INTL BUS MACH,12,Q,2011-03-31,Y,1219.54,1240.0
INTC,ITL,INTEL CORP,12,Q,2017-09-30,Y,4680.0,4821.0
INTC,ITL,INTEL CORP,12,Q,2017-06-30,Y,4699.0,4845.0
INTC,ITL,INTEL CORP,12,Q,2017-03-31,Y,4709.0,4881.0
INTC,ITL,INTEL CORP,12,Q,2016-12-31,Y,4739.0,4881.0
INTC,ITL,INTEL CORP,12,Q,2016-09-30,Y,4731.0,4877.0
INTC,ITL,INTEL CORP,12,Q,2016-06-30,Y,4722.0,4866.0
INTC,ITL,INTEL CORP,12,Q,2016-03-31,Y,4717.4,4875.0
INTC,ITL,INTEL CORP,12,Q,2015-12-31,Y,4719.0,4876.0
INTC,ITL,INTEL CORP,12,Q,2015-09-30,Y,4719.0,4876.0
INTC,ITL,INTEL CORP,12,Q,2015-06-30,Y,4754.0,4909.0
INTC,ITL,INTEL CORP,12,Q,2015-03-31,Y,4744.0,4914.0
INTC,ITL,INTEL CORP,12,Q,2014-12-31,Y,4835.0,4940.0
INTC,ITL,INTEL CORP,12,Q,2014-09-30,Y,4951.0,5045.0
INTC,ITL,INTEL CORP,12,Q,2014-06-30,Y,4978.0,5123.0
INTC,ITL,INTEL CORP,12,Q,2014-03-31,Y,4972.0,5117.0
INTC,ITL,INTEL CORP,12,Q,2013-12-31,Y,4971.0,5103.0
INTC,ITL,INTEL CORP,12,Q,2013-09-30,Y,4982.0,5100.0
INTC,ITL,INTEL CORP,12,Q,2013-06-30,Y,4971.0,5106.0
INTC,ITL,INTEL CORP,12,Q,2013-03-31,Y,4946.0,5080.0
INTC,ITL,INTEL CORP,12,Q,2012-12-31,Y,4963.0,5095.0
INTC,ITL,INTEL CORP,12,Q,2012-09-30,Y,5003.0,5153.0
INTC,ITL,INTEL CORP,12,Q,2012-06-30,Y,5031.0,5199.0
INTC,ITL,INTEL CORP,12,Q,2012-03-31,Y,4996.0,5192.0
INTC,ITL,INTEL CORP,12,Q,2011-12-31,Y,5092.0,5242.0
INTC,ITL,INTEL CORP,12,Q,2011-09-30,Y,5251.0,5340.0
INTC,ITL,INTEL CORP,12,Q,2011-06-30,Y,5302.0,5441.0
INTC,ITL,INTEL CORP,12,Q,2011-03-31,Y,5488.0,5606.0
JNJ,JNJ,JOHNSON & JOHNS,12,Q,2017-09-30,Y,2684.0,2737.7
JNJ,JNJ,JOHNSON & JOHNS,12,Q,2017-06-30,Y,2693.83,2741.5
JNJ,JNJ,JOHNSON & JOHNS,12,Q,2017-03-31,Y,2710.89,2754.5
JNJ,JNJ,JOHNSON & JOHNS,12,Q,2016-12-31,Y,2720.53,2764.5
JNJ,JNJ,JOHNSON & JOHNS,12,Q,2016-09-30,Y,2735.88,2785.4
JNJ,JNJ,JOHNSON & JOHNS,12,Q,2016-06-30,Y,2750.64,2794.2
JNJ,JNJ,JOHNSON & JOHNS,12,Q,2016-03-31,Y,2758.34,2795.4
JNJ,JNJ,JOHNSON & JOHNS,12,Q,2015-12-31,Y,2766.94,2803.3
JNJ,JNJ,JOHNSON & JOHNS,12,Q,2015-09-30,Y,2767.3,2807.2
JNJ,JNJ,JOHNSON & JOHNS,12,Q,2015-06-30,Y,2773.04,2812.0
JNJ,JNJ,JOHNSON & JOHNS,12,Q,2015-03-31,Y,2780.56,2826.0
JNJ,JNJ,JOHNSON & JOHNS,12,Q,2014-12-31,Y,2799.11,2845.3
JNJ,JNJ,JOHNSON & JOHNS,12,Q,2014-09-30,Y,2820.29,2864.3
JNJ,JNJ,JOHNSON & JOHNS,12,Q,2014-06-30,Y,2829.1,2874.2
JNJ,JNJ,JOHNSON & JOHNS,12,Q,2014-03-31,Y,2828.32,2874.7
JNJ,JNJ,JOHNSON & JOHNS,12,Q,2013-12-31,Y,2821.44,2872.0
JNJ,JNJ,JOHNSON & JOHNS,12,Q,2013-09-30,Y,2818.07,2881.2
JNJ,JNJ,JOHNSON & JOHNS,12,Q,2013-06-30,Y,2808.89,2893.0
JNJ,JNJ,JOHNSON & JOHNS,12,Q,2013-03-31,Y,2797.04,2858.8
JNJ,JNJ,JOHNSON & JOHNS,12,Q,2012-12-31,Y,2771.26,2834.4
JNJ,JNJ,JOHNSON & JOHNS,12,Q,2012-09-30,Y,2757.04,2818.1
JNJ,JNJ,JOHNSON & JOHNS,12,Q,2012-06-30,Y,2746.37,2798.2
JNJ,JNJ,JOHNSON & JOHNS,12,Q,2012-03-31,Y,2745.33,2774.9
JNJ,JNJ,JOHNSON & JOHNS,12,Q,2011-12-31,Y,2730.85,2768.9
JNJ,JNJ,JOHNSON & JOHNS,12,Q,2011-09-30,Y,2740.35,2778.2
JNJ,JNJ,JOHNSON & JOHNS,12,Q,2011-06-30,Y,2741.14,2781.3
JNJ,JNJ,JOHNSON & JOHNS,12,Q,2011-03-31,Y,2740.29,2772.7
JPM,CHL,JPMORGAN CHASE,12,Q,2017-09-30,Y,3518.96,3559.6
JPM,CHL,JPMORGAN CHASE,12,Q,2017-06-30,Y,3552.8,3599.0
JPM,CHL,JPMORGAN CHASE,12,Q,2017-03-31,Y,3557.86,3630.4
JPM,CHL,JPMORGAN CHASE,12,Q,2016-12-31,Y,3578.26,3606.0
JPM,CHL,JPMORGAN CHASE,12,Q,2016-09-30,Y,3611.98,3629.6
JPM,CHL,JPMORGAN CHASE,12,Q,2016-06-30,Y,3656.66,3666.5
JPM,CHL,JPMORGAN CHASE,12,Q,2016-03-31,Y,3661.82,3696.9
JPM,CHL,JPMORGAN CHASE,12,Q,2015-12-31,Y,3681.13,3704.6
JPM,CHL,JPMORGAN CHASE,12,Q,2015-09-30,Y,3698.07,3725.6
JPM,CHL,JPMORGAN CHASE,12,Q,2015-06-30,Y,3711.09,3743.6
JPM,CHL,JPMORGAN CHASE,12,Q,2015-03-31,Y,3713.32,3757.5
JPM,CHL,JPMORGAN CHASE,12,Q,2014-12-31,Y,3738.19,3765.2
JPM,CHL,JPMORGAN CHASE,12,Q,2014-09-30,Y,3761.28,3788.7
JPM,CHL,JPMORGAN CHASE,12,Q,2014-06-30,Y,3784.71,3812.5
JPM,CHL,JPMORGAN CHASE,12,Q,2014-03-31,Y,3786.82,3823.6
JPM,CHL,JPMORGAN CHASE,12,Q,2013-12-31,Y,3759.19,3797.1
JPM,CHL,JPMORGAN CHASE,12,Q,2013-09-30,Y,3764.2,3767.0
JPM,CHL,JPMORGAN CHASE,12,Q,2013-06-30,Y,3779.68,3814.3
JPM,CHL,JPMORGAN CHASE,12,Q,2013-03-31,Y,3827.47,3847.0
JPM,CHL,JPMORGAN CHASE,12,Q,2012-12-31,Y,3801.4,3820.9
JPM,CHL,JPMORGAN CHASE,12,Q,2012-09-30,Y,3798.75,3813.9
JPM,CHL,JPMORGAN CHASE,12,Q,2012-06-30,Y,3806.67,3820.5
JPM,CHL,JPMORGAN CHASE,12,Q,2012-03-31,Y,3817.36,3833.4
JPM,CHL,JPMORGAN CHASE,12,Q,2011-12-31,Y,3799.77,3811.7
JPM,CHL,JPMORGAN CHASE,12,Q,2011-09-30,Y,3899.05,3872.2
JPM,CHL,JPMORGAN CHASE,12,Q,2011-06-30,Y,3973.69,3983.2
JPM,CHL,JPMORGAN CHASE,12,Q,2011-03-31,Y,3983.51,4014.1
KO,KO,COCA COLA CO,12,Q,2017-09-30,Y,4260.67,4320.0
KO,KO,COCA COLA CO,12,Q,2017-06-30,Y,4265.3,4327.0
KO,KO,COCA COLA CO,12,Q,2017-03-31,Y,4272.56,4334.0
KO,KO,COCA COLA CO,12,Q,2016-12-31,Y,4312.96,4345.0
KO,KO,COCA COLA CO,12,Q,2016-09-30,Y,4312.96,4364.0
KO,KO,COCA COLA CO,12,Q,2016-06-30,Y,4326.2,4377.0
KO,KO,COCA COLA CO,12,Q,2016-03-31,Y,4326.2,4382.0
KO,KO,COCA COLA CO,12,Q,2015-12-31,Y,4348.98,4390.0
KO,KO,COCA COLA CO,12,Q,2015-09-30,Y,4350.0,4399.0
KO,KO,COCA COLA CO,12,Q,2015-06-30,Y,4350.0,4408.0
KO,KO,COCA COLA CO,12,Q,2015-03-31,Y,4368.49,4422.0
KO,KO,COCA COLA CO,12,Q,2014-12-31,Y,4380.11,4437.0
KO,KO,COCA COLA CO,12,Q,2014-09-30,Y,4385.92,4445.0
KO,KO,COCA COLA CO,12,Q,2014-06-30,Y,4395.18,4454.0
KO,KO,COCA COLA CO,12,Q,2014-03-31,Y,4405.89,4464.0
KO,KO,COCA COLA CO,12,Q,2013-12-31,Y,4415.92,4482.0
KO,KO,COCA COLA CO,12,Q,2013-09-30,Y,4433.15,4498.0
KO,KO,COCA COLA CO,12,Q,2013-06-30,Y,4453.75,4527.0
KO,KO,COCA COLA CO,12,Q,2013-03-31,Y,4456.72,4530.0
KO,KO,COCA COLA CO,12,Q,2012-12-31,Y,4485.16,4557.0
KO,KO,COCA COLA CO,12,Q,2012-09-30,Y,4501.92,4587.0
KO,KO,COCA COLA CO,12,Q,2012-06-30,Y,4511.9,4592.0
KO,KO,COCA COLA CO,12,Q,2012-03-31,Y,4529.15,4600.22
KO,KO,COCA COLA CO,12,Q,2011-12-31,Y,4542.46,4612.0
KO,KO,COCA COLA CO,12,Q,2011-09-30,Y,4592.19,4652.0
KO,KO,COCA COLA CO,12,Q,2011-06-30,Y,4578.51,4661.67
KO,KO,COCA COLA CO,12,Q,2011-03-31,Y,4590.26,4662.0
MCD,MCD,MCDONALDS CORP,12,Q,2017-09-30,Y,810.0,813.5
MCD,MCD,MCDONALDS CORP,12,Q,2017-06-30,Y,815.07,819.2
MCD,MCD,MCDONALDS CORP,12,Q,2017-03-31,Y,816.75,825.2
MCD,MCD,MCDONALDS CORP,12,Q,2016-12-31,Y,830.44,829.7
MCD,MCD,MCDONALDS CORP,12,Q,2016-09-30,Y,853.36,847.7
MCD,MCD,MCDONALDS CORP,12,Q,2016-06-30,Y,877.86,871.2
MCD,MCD,MCDONALDS CORP,12,Q,2016-03-31,Y,877.67,894.9
MCD,MCD,MCDONALDS CORP,12,Q,2015-12-31,Y,918.23,919.9
MCD,MCD,MCDONALDS CORP,12,Q,2015-09-30,Y,941.81,934.8
MCD,MCD,MCDONALDS CORP,12,Q,2015-06-30,Y,958.52,957.6
MCD,MCD,MCDONALDS CORP,12,Q,2015-03-31,Y,959.13,965.5
MCD,MCD,MCDONALDS CORP,12,Q,2014-12-31,Y,973.2,971.5
MCD,MCD,MCDONALDS CORP,12,Q,2014-09-30,Y,981.93,983.8
MCD,MCD,MCDONALDS CORP,12,Q,2014-06-30,Y,988.42,993.2
MCD,MCD,MCDONALDS CORP,12,Q,2014-03-31,Y,989.88,995.9
MCD,MCD,MCDONALDS CORP,12,Q,2013-12-31,Y,995.03,999.3
MCD,MCD,MCDONALDS CORP,12,Q,2013-09-30,Y,999.65,1004.2
MCD,MCD,MCDONALDS CORP,12,Q,2013-06-30,Y,1002.55,1008.7
MCD,MCD,MCDONALDS CORP,12,Q,2013-03-31,Y,1002.79,1010.8
MCD,MCD,MCDONALDS CORP,12,Q,2012-12-31,Y,1003.98,1010.7
MCD,MCD,MCDONALDS CORP,12,Q,2012-09-30,Y,1008.43,1015.4
MCD,MCD,MCDONALDS CORP,12,Q,2012-06-30,Y,1016.24,1023.9
MCD,MCD,MCDONALDS CORP,12,Q,2012-03-31,Y,1018.56,1030.0
MCD,MCD,MCDONALDS CORP,12,Q,2011-12-31,Y,1023.22,1034.7
MCD,MCD,MCDONALDS CORP,12,Q,2011-09-30,Y,1031.75,1041.3
MCD,MCD,MCDONALDS CORP,12,Q,2011-06-30,Y,1037.58,1047.7
MCD,MCD,MCDONALDS CORP,12,Q,2011-03-31,Y,1043.3,1054.6
MMM,MMM,3M CO,12,Q,2017-09-30,Y,596.77,612.7
MMM,MMM,3M CO,12,Q,2017-06-30,Y,596.77,612.8
MMM,MMM,3M CO,12,Q,2017-03-31,Y,597.24,612.0
MMM,MMM,3M CO,12,Q,2016-12-31,Y,596.73,613.8
MMM,MMM,3M CO,12,Q,2016-09-30,Y,601.47,618.8
MMM,MMM,3M CO,12,Q,2016-06-30,Y,606.52,620.9
MMM,MMM,3M CO,12,Q,2016-03-31,Y,606.52,621.3
MMM,MMM,3M CO,12,Q,2015-12-31,Y,615.71,625.4
MMM,MMM,3M CO,12,Q,2015-09-30,Y,615.71,631.2
MMM,MMM,3M CO,12,Q,2015-06-30,Y,624.74,643.0
MMM,MMM,3M CO,12,Q,2015-03-31,Y,634.34,649.2
MMM,MMM,3M CO,12,Q,2014-12-31,Y,636.04,650.9
MMM,MMM,3M CO,12,Q,2014-09-30,Y,640.82,657.9
MMM,MMM,3M CO,12,Q,2014-06-30,Y,654.28,664.6
MMM,MMM,3M CO,12,Q,2014-03-31,Y,662.69,674.5
MMM,MMM,3M CO,12,Q,2013-12-31,Y,665.24,681.3
MMM,MMM,3M CO,12,Q,2013-09-30,Y,683.47,691.8
MMM,MMM,3M CO,12,Q,2013-06-30,Y,690.2,699.1
MMM,MMM,3M CO,12,Q,2013-03-31,Y,689.99,702.1
MMM,MMM,3M CO,12,Q,2012-12-31,Y,691.93,701.2
MMM,MMM,3M CO,12,Q,2012-09-30,Y,691.32,703.1
MMM,MMM,3M CO,12,Q,2012-06-30,Y,693.87,702.6
MMM,MMM,3M CO,12,Q,2012-03-31,Y,694.74,706.1
MMM,MMM,3M CO,12,Q,2011-12-31,Y,700.84,707.5
MMM,MMM,3M CO,12,Q,2011-09-30,Y,709.54,715.5
MMM,MMM,3M CO,12,Q,2011-06-30,Y,710.58,726.5
MMM,MMM,3M CO,12,Q,2011-03-31,Y,711.8,726.4
MRK,MRK,MERCK & CO INC,12,Q,2017-09-30,Y,2735.16,2727.0
MRK,MRK,MERCK & CO INC,12,Q,2017-06-30,Y,2735.16,2752.0
MRK,MRK,MERCK & CO INC,12,Q,2017-03-31,Y,2741.53,2766.0
MRK,MRK,MERCK & CO INC,12,Q,2016-12-31,Y,2757.14,2776.0
MRK,MRK,MERCK & CO INC,12,Q,2016-09-30,Y,2765.21,2786.0
MRK,MRK,MERCK & CO INC,12,Q,2016-06-30,Y,2768.02,2789.0
MRK,MRK,MERCK & CO INC,12,Q,2016-03-31,Y,2769.71,2795.0
MRK,MRK,MERCK & CO INC,12,Q,2015-12-31,Y,2793.54,2813.0
MRK,MRK,MERCK & CO INC,12,Q,2015-09-30,Y,2816.64,2836.0
MRK,MRK,MERCK & CO INC,12,Q,2015-06-30,Y,2825.22,2850.0
MRK,MRK,MERCK & CO INC,12,Q,2015-03-31,Y,2828.45,2865.0
MRK,MRK,MERCK & CO INC,12,Q,2014-12-31,Y,2850.87,2880.0
MRK,MRK,MERCK & CO INC,12,Q,2014-09-30,Y,2884.63,2911.0
MRK,MRK,MERCK & CO INC,12,Q,2014-06-30,Y,2922.38,2949.0
MRK,MRK,MERCK & CO INC,12,Q,2014-03-31,Y,2940.62,2971.0
MRK,MRK,MERCK & CO INC,12,Q,2013-12-31,Y,2921.93,2959.0
MRK,MRK,MERCK & CO INC,12,Q,2013-09-30,Y,2926.38,2960.0
MRK,MRK,MERCK & CO INC,12,Q,2013-06-30,Y,3019.61,3010.0
MRK,MRK,MERCK & CO INC,12,Q,2013-03-31,Y,3022.37,3053.0
MRK,MRK,MERCK & CO INC,12,Q,2012-12-31,Y,3040.07,3074.0
MRK,MRK,MERCK & CO INC,12,Q,2012-09-30,Y,3045.63,3079.0
MRK,MRK,MERCK & CO INC,12,Q,2012-06-30,Y,3041.56,3072.0
MRK,MRK,MERCK & CO INC,12,Q,2012-03-31,Y,3044.01,3074.0
MRK,MRK,MERCK & CO INC,12,Q,2011-12-31,Y,3047.92,3069.0
MRK,MRK,MERCK & CO INC,12,Q,2011-09-30,Y,3080.8,3091.0
MRK,MRK,MERCK & CO INC,12,Q,2011-06-30,Y,3086.58,3110.0
MRK,MRK,MERCK & CO INC,12,Q,2011-03-31,Y,3083.08,3104.0
MSFT,MSFT,MICROSOFT CORP,6,Q,2017-09-30,Y,7714.59,7799.0
MSFT,MSFT,MICROSOFT CORP,6,Q,2017-06-30,Y,7708.0,7806.0
MSFT,MSFT,MICROSOFT CORP,6,Q,2017-03-31,Y,7727.53,7813.0
MSFT,MSFT,MICROSOFT CORP,6,Q,2016-12-31,Y,7775.35,7830.0
MSFT,MSFT,MICROSOFT CORP,6,Q,2016-09-30,Y,7775.35,7876.0
MSFT,MSFT,MICROSOFT CORP,6,Q,2016-06-30,Y,7808.0,7929.0
MSFT,MSFT,MICROSOFT CORP,6,Q,2016-03-31,Y,7860.47,7985.0
MSFT,MSFT,MICROSOFT CORP,6,Q,2015-12-31,Y,7987.91,8028.0
MSFT,MSFT,MICROSOFT CORP,6,Q,2015-09-30,Y,7987.91,8066.0
MSFT,MSFT,MICROSOFT CORP,6,Q,2015-06-30,Y,8027.0,8061.0
MSFT,MSFT,MICROSOFT CORP,6,Q,2015-03-31,Y,8113.0,8237.0
MSFT,MSFT,MICROSOFT CORP,6,Q,2014-12-31,Y,8203.79,8297.0
MSFT,MSFT,MICROSOFT CORP,6,Q,2014-09-30,Y,8242.85,8351.0
MSFT,MSFT,MICROSOFT CORP,6,Q,2014-06-30,Y,8260.41,8345.0
MSFT,MSFT,MICROSOFT CORP,6,Q,2014-03-31,Y,8300.72,8367.0
MSFT,MSFT,MICROSOFT CORP,6,Q,2013-12-31,Y,8347.97,8395.0
MSFT,MSFT,MICROSOFT CORP,6,Q,2013-09-30,Y,8329.96,8434.0
MSFT,MSFT,MICROSOFT CORP,6,Q,2013-06-30,Y,8351.11,8442.0
MSFT,MSFT,MICROSOFT CORP,6,Q,2013-03-31,Y,8376.25,8429.0
MSFT,MSFT,MICROSOFT CORP,6,Q,2012-12-31,Y,8416.46,8444.0
MSFT,MSFT,MICROSOFT CORP,6,Q,2012-09-30,Y,8383.4,8494.0
MSFT,MSFT,MICROSOFT CORP,6,Q,2012-06-30,Y,8400.87,8388.0
MSFT,MSFT,MICROSOFT CORP,6,Q,2012-03-31,Y,8390.77,8498.0
MSFT,MSFT,MICROSOFT CORP,6,Q,2011-12-31,Y,8412.18,8465.0
MSFT,MSFT,MICROSOFT CORP,6,Q,2011-09-30,Y,8378.27,8490.0
MSFT,MSFT,MICROSOFT CORP,6,Q,2011-06-30,Y,8432.77,8521.0
MSFT,MSFT,MICROSOFT CORP,6,Q,2011-03-31,Y,8402.38,8510.0
NKE,NIKE,NIKE INC-B,5,Q,2017-08-31,Y,1643.19,1676.9
NKE,NIKE,NIKE INC-B,5,Q,2017-05-31,Y,1643.0,1678.6
NKE,NIKE,NIKE INC-B,5,Q,2017-02-28,Y,1652.0,1686.3
NKE,NIKE,NIKE INC-B,5,Q,2016-11-30,Y,1656.0,1693.2
NKE,NIKE,NIKE INC-B,5,Q,2016-08-31,Y,1668.0,1708.9
NKE,NIKE,NIKE INC-B,5,Q,2016-05-31,Y,1682.0,1723.1
NKE,NIKE,NIKE INC-B,5,Q,2016-02-29,Y,1685.0,1737.3
NKE,NIKE,NIKE INC-B,5,Q,2015-11-30,Y,1707.0,1751.4
NKE,NIKE,NIKE INC-B,5,Q,2015-08-31,Y,1708.0,1754.6
NKE,NIKE,NIKE INC-B,5,Q,2015-05-31,Y,1714.0,1759.6
NKE,NIKE,NIKE INC-B,5,Q,2015-02-28,Y,1720.0,1767.6
NKE,NIKE,NIKE INC-B,5,Q,2014-11-30,Y,1728.0,1769.6
NKE,NIKE,NIKE INC-B,5,Q,2014-08-31,Y,1728.0,1772.4
NKE,NIKE,NIKE INC-B,5,Q,2014-05-31,Y,1756.27,1790.4
NKE,NIKE,NIKE INC-B,5,Q,2014-02-28,Y,1770.97,1809.6
NKE,NIKE,NIKE INC-B,5,Q,2013-11-30,Y,1779.11,1821.2
NKE,NIKE,NIKE INC-B,5,Q,2013-08-31,Y,1780.71,1821.4
NKE,NIKE,NIKE INC-B,5,Q,2013-05-31,Y,1787.23,1826.8
NKE,NIKE,NIKE INC-B,5,Q,2013-02-28,Y,1791.42,1823.4
NKE,NIKE,NIKE INC-B,5,Q,2012-11-30,Y,1802.21,1826.4
NKE,NIKE,NIKE INC-B,5,Q,2012-08-31,Y,1823.48,1845.6
NKE,NIKE,NIKE INC-B,5,Q,2012-05-31,Y,1833.47,1872.4
NKE,NIKE,NIKE INC-B,5,Q,2012-02-29,Y,1833.47,1869.2
NKE,NIKE,NIKE INC-B,5,Q,2011-11-30,Y,1835.65,1874.0
NKE,NIKE,NIKE INC-B,5,Q,2011-08-31,Y,1854.67,1897.2
NKE,NIKE,NIKE INC-B,5,Q,2011-05-31,Y,1896.52,1914.8
NKE,NIKE,NIKE INC-B,5,Q,2011-02-28,Y,1913.98,1942.0
PFE,PFE,PFIZER INC,12,Q,2017-09-30,Y,5947.35,
PFE,PFE,PFIZER INC,12,Q,2017-06-30,Y,5967.84,6037.0
PFE,PFE,PFIZER INC,12,Q,2017-03-31,Y,5955.13,6119.61
PFE,PFE,PFIZER INC,12,Q,2016-12-31,Y,6068.35,5961.54
PFE,PFE,PFIZER INC,12,Q,2016-09-30,Y,6065.65,6138.0
PFE,PFE,PFIZER INC,12,Q,2016-06-30,Y,6064.85,6137.0
PFE,PFE,PFIZER INC,12,Q,2016-03-31,Y,6191.88,6155.1
PFE,PFE,PFIZER INC,12,Q,2015-12-31,Y,6173.5,6249.0
PFE,PFE,PFIZER INC,12,Q,2015-09-30,Y,6167.35,6243.0
PFE,PFE,PFIZER INC,12,Q,2015-06-30,Y,6157.67,6243.0
PFE,PFE,PFIZER INC,12,Q,2015-03-31,Y,6140.33,6252.63
PFE,PFE,PFIZER INC,12,Q,2014-12-31,Y,6300.66,6374.0
PFE,PFE,PFIZER INC,12,Q,2014-09-30,Y,6340.86,6403.0
PFE,PFE,PFIZER INC,12,Q,2014-06-30,Y,6370.99,6444.0
PFE,PFE,PFIZER INC,12,Q,2014-03-31,Y,6378.72,6476.0
PFE,PFE,PFIZER INC,12,Q,2013-12-31,Y,6481.07,6533.0
PFE,PFE,PFIZER INC,12,Q,2013-09-30,Y,6620.3,6656.0
PFE,PFE,PFIZER INC,12,Q,2013-06-30,Y,7093.22,7117.0
PFE,PFE,PFIZER INC,12,Q,2013-03-31,Y,7185.65,7269.0
PFE,PFE,PFIZER INC,12,Q,2012-12-31,Y,7362.57,7395.0
PFE,PFE,PFIZER INC,12,Q,2012-09-30,Y,7469.48,7508.0
PFE,PFE,PFIZER INC,12,Q,2012-06-30,Y,7488.14,7537.0
PFE,PFE,PFIZER INC,12,Q,2012-03-31,Y,7537.43,7598.0
PFE,PFE,PFIZER INC,12,Q,2011-12-31,Y,7686.97,7687.0
PFE,PFE,PFIZER INC,12,Q,2011-09-30,Y,7802.13,7810.0
PFE,PFE,PFIZER INC,12,Q,2011-06-30,Y,7901.13,7935.0
PFE,PFE,PFIZER INC,12,Q,2011-03-31,Y,7991.21,8035.0
PG,PG,PROCTER & GAMBL,6,Q,2017-09-30,Y,2536.96,2690.6
PG,PG,PROCTER & GAMBL,6,Q,2017-06-30,Y,2557.61,2695.6
PG,PG,PROCTER & GAMBL,6,Q,2017-03-31,Y,2557.61,2705.5
PG,PG,PROCTER & GAMBL,6,Q,2016-12-31,Y,2675.99,2737.6
PG,PG,PROCTER & GAMBL,6,Q,2016-09-30,Y,2675.99,2827.08
PG,PG,PROCTER & GAMBL,6,Q,2016-06-30,Y,2661.85,2811.0
PG,PG,PROCTER & GAMBL,6,Q,2016-03-31,Y,2661.85,2835.0
PG,PG,PROCTER & GAMBL,6,Q,2015-12-31,Y,2720.57,2864.6
PG,PG,PROCTER & GAMBL,6,Q,2015-09-30,Y,2720.57,2867.5
PG,PG,PROCTER & GAMBL,6,Q,2015-06-30,Y,2713.0,2878.5
PG,PG,PROCTER & GAMBL,6,Q,2015-03-31,Y,2713.0,2882.5
PG,PG,PROCTER & GAMBL,6,Q,2014-12-31,Y,2702.12,2885.2
PG,PG,PROCTER & GAMBL,6,Q,2014-09-30,Y,2702.12,2888.0
PG,PG,PROCTER & GAMBL,6,Q,2014-06-30,Y,2705.96,2891.9
PG,PG,PROCTER & GAMBL,6,Q,2014-03-31,Y,2711.41,2894.1
PG,PG,PROCTER & GAMBL,6,Q,2013-12-31,Y,2718.23,2908.5
PG,PG,PROCTER & GAMBL,6,Q,2013-09-30,Y,2738.35,2924.3
PG,PG,PROCTER & GAMBL,6,Q,2013-06-30,Y,2740.77,2937.1
PG,PG,PROCTER & GAMBL,6,Q,2013-03-31,Y,2731.65,2930.7
PG,PG,PROCTER & GAMBL,6,Q,2012-12-31,Y,2734.23,2919.1
PG,PG,PROCTER & GAMBL,6,Q,2012-09-30,Y,2757.35,2931.7
PG,PG,PROCTER & GAMBL,6,Q,2012-06-30,Y,2740.11,2930.0
PG,PG,PROCTER & GAMBL,6,Q,2012-03-31,Y,2754.4,2937.8
PG,PG,PROCTER & GAMBL,6,Q,2011-12-31,Y,2751.32,2949.7
PG,PG,PROCTER & GAMBL,6,Q,2011-09-30,Y,2747.77,2945.8
PG,PG,PROCTER & GAMBL,6,Q,2011-06-30,Y,2791.29,2983.6
PG,PG,PROCTER & GAMBL,6,Q,2011-03-31,Y,2800.78,2999.3
TRV,SPM,TRAVELERS COS,12,Q,2017-09-30,Y,273.7,274.1
TRV,SPM,TRAVELERS COS,12,Q,2017-06-30,Y,275.95,280.0
TRV,SPM,TRAVELERS COS,12,Q,2017-03-31,Y,279.42,282.4
TRV,SPM,TRAVELERS COS,12,Q,2016-12-31,Y,279.6,285.1
TRV,SPM,TRAVELERS COS,12,Q,2016-09-30,Y,284.06,289.8
TRV,SPM,TRAVELERS COS,12,Q,2016-06-30,Y,288.28,293.6
TRV,SPM,TRAVELERS COS,12,Q,2016-03-31,Y,292.39,297.9
TRV,SPM,TRAVELERS COS,12,Q,2015-12-31,Y,295.9,303.3
TRV,SPM,TRAVELERS COS,12,Q,2015-09-30,Y,304.22,311.0
TRV,SPM,TRAVELERS COS,12,Q,2015-06-30,Y,311.21,318.0
TRV,SPM,TRAVELERS COS,12,Q,2015-03-31,Y,318.7,324.5
TRV,SPM,TRAVELERS COS,12,Q,2014-12-31,Y,331.4,331.0
TRV,SPM,TRAVELERS COS,12,Q,2014-09-30,Y,331.4,338.9
TRV,SPM,TRAVELERS COS,12,Q,2014-06-30,Y,347.47,346.7
TRV,SPM,TRAVELERS COS,12,Q,2014-03-31,Y,352.33,354.6
TRV,SPM,TRAVELERS COS,12,Q,2013-12-31,Y,364.07,363.4
TRV,SPM,TRAVELERS COS,12,Q,2013-09-30,Y,373.47,372.9
TRV,SPM,TRAVELERS COS,12,Q,2013-06-30,Y,376.42,379.9
TRV,SPM,TRAVELERS COS,12,Q,2013-03-31,Y,377.95,381.9
TRV,SPM,TRAVELERS COS,12,Q,2012-12-31,Y,381.45,385.3
TRV,SPM,TRAVELERS COS,12,Q,2012-09-30,Y,385.36,387.9
TRV,SPM,TRAVELERS COS,12,Q,2012-06-30,Y,389.04,391.6
TRV,SPM,TRAVELERS COS,12,Q,2012-03-31,Y,393.07,399.01
TRV,SPM,TRAVELERS COS,12,Q,2011-12-31,Y,412.77,407.0
TRV,SPM,TRAVELERS COS,12,Q,2011-09-30,Y,418.74,418.5
TRV,SPM,TRAVELERS COS,12,Q,2011-06-30,Y,418.87,418.6
TRV,SPM,TRAVELERS COS,12,Q,2011-03-31,Y,431.05,434.4
UNH,UNIH,UNITEDHEALTH GP,12,Q,2017-09-30,Y,966.86,989.0
UNH,UNIH,UNITEDHEALTH GP,12,Q,2017-06-30,Y,963.66,985.0
UNH,UNIH,UNITEDHEALTH GP,12,Q,2017-03-31,Y,964.11,975.0
UNH,UNIH,UNITEDHEALTH GP,12,Q,2016-12-31,Y,951.82,970.0
UNH,UNIH,UNITEDHEALTH GP,12,Q,2016-09-30,Y,952.39,969.0
UNH,UNIH,UNITEDHEALTH GP,12,Q,2016-06-30,Y,950.8,967.0
UNH,UNIH,UNITEDHEALTH GP,12,Q,2016-03-31,Y,950.21,967.0
UNH,UNIH,UNITEDHEALTH GP,12,Q,2015-12-31,Y,953.11,967.0
UNH,UNIH,UNITEDHEALTH GP,12,Q,2015-09-30,Y,953.56,967.0
UNH,UNIH,UNITEDHEALTH GP,12,Q,2015-06-30,Y,952.05,966.0
UNH,UNIH,UNITEDHEALTH GP,12,Q,2015-03-31,Y,951.63,969.0
UNH,UNIH,UNITEDHEALTH GP,12,Q,2014-12-31,Y,959.79,973.0
UNH,UNIH,UNITEDHEALTH GP,12,Q,2014-09-30,Y,971.63,982.0
UNH,UNIH,UNITEDHEALTH GP,12,Q,2014-06-30,Y,979.86,991.0
UNH,UNIH,UNITEDHEALTH GP,12,Q,2014-03-31,Y,989.19,996.0
UNH,UNIH,UNITEDHEALTH GP,12,Q,2013-12-31,Y,1006.76,1014.0
UNH,UNIH,UNITEDHEALTH GP,12,Q,2013-09-30,Y,1016.7,1024.0
UNH,UNIH,UNITEDHEALTH GP,12,Q,2013-06-30,Y,1020.01,1026.0
UNH,UNIH,UNITEDHEALTH GP,12,Q,2013-03-31,Y,1024.93,1029.0
UNH,UNIH,UNITEDHEALTH GP,12,Q,2012-12-31,Y,1021.49,1037.0
UNH,UNIH,UNITEDHEALTH GP,12,Q,2012-09-30,Y,1032.71,1039.0
UNH,UNIH,UNITEDHEALTH GP,12,Q,2012-06-30,Y,1037.45,1049.0
UNH,UNIH,UNITEDHEALTH GP,12,Q,2012-03-31,Y,1044.96,1060.0
UNH,UNIH,UNITEDHEALTH GP,12,Q,2011-12-31,Y,1066.03,1075.0
UNH,UNIH,UNITEDHEALTH GP,12,Q,2011-09-30,Y,1076.16,1082.62
UNH,UNIH,UNITEDHEALTH GP,12,Q,2011-06-30,Y,1083.44,1094.0
UNH,UNIH,UNITEDHEALTH GP,12,Q,2011-03-31,Y,1093.69,1099.0
UTX,UA,UTD TECHS CORP,12,Q,2017-09-30,Y,798.57,797.0
UTX,UA,UTD TECHS CORP,12,Q,2017-06-30,Y,798.77,798.0
UTX,UA,UTD TECHS CORP,12,Q,2017-03-31,Y,801.23,802.0
UTX,UA,UTD TECHS CORP,12,Q,2016-12-31,Y,823.41,810.0
UTX,UA,UTD TECHS CORP,12,Q,2016-09-30,Y,823.41,831.0
UTX,UA,UTD TECHS CORP,12,Q,2016-06-30,Y,836.87,833.0
UTX,UA,UTD TECHS CORP,12,Q,2016-03-31,Y,836.87,831.0
UTX,UA,UTD TECHS CORP,12,Q,2015-12-31,Y,887.02,850.0
UTX,UA,UTD TECHS CORP,12,Q,2015-09-30,Y,887.02,885.0
UTX,UA,UTD TECHS CORP,12,Q,2015-06-30,Y,890.6,889.0
UTX,UA,UTD TECHS CORP,12,Q,2015-03-31,Y,890.2,904.0
UTX,UA,UTD TECHS CORP,12,Q,2014-12-31,Y,911.66,907.0
UTX,UA,UTD TECHS CORP,12,Q,2014-09-30,Y,911.66,910.0
UTX,UA,UTD TECHS CORP,12,Q,2014-06-30,Y,916.73,915.0
UTX,UA,UTD TECHS CORP,12,Q,2014-03-31,Y,916.44,917.0
UTX,UA,UTD TECHS CORP,12,Q,2013-12-31,Y,915.24,917.0
UTX,UA,UTD TECHS CORP,12,Q,2013-09-30,Y,917.51,916.0
UTX,UA,UTD TECHS CORP,12,Q,2013-06-30,Y,919.3,914.0
UTX,UA,UTD TECHS CORP,12,Q,2013-03-31,Y,918.26,914.0
UTX,UA,UTD TECHS CORP,12,Q,2012-12-31,Y,916.54,910.18
UTX,UA,UTD TECHS CORP,12,Q,2012-09-30,Y,911.79,895.57
UTX,UA,UTD TECHS CORP,12,Q,2012-06-30,Y,911.36,897.3
UTX,UA,UTD TECHS CORP,12,Q,2012-03-31,Y,910.16,891.89
UTX,UA,UTD TECHS CORP,12,Q,2011-12-31,Y,906.09,899.0
UTX,UA,UTD TECHS CORP,12,Q,2011-09-30,Y,908.71,902.0
UTX,UA,UTD TECHS CORP,12,Q,2011-06-30,Y,915.26,910.0
UTX,UA,UTD TECHS CORP,12,Q,2011-03-31,Y,921.19,915.0
V,VISA,VISA INC-A,9,Q,2017-09-30,Y,2088.06,2368.0
V,VISA,VISA INC-A,9,Q,2017-06-30,Y,2088.06,2385.0
V,VISA,VISA INC-A,9,Q,2017-03-31,Y,2105.45,2406.0
V,VISA,VISA INC-A,9,Q,2016-12-31,Y,2115.0,2421.0
V,VISA,VISA INC-A,9,Q,2016-09-30,Y,2133.0,2440.0
V,VISA,VISA INC-A,9,Q,2016-06-30,Y,2153.0,2386.0
V,VISA,VISA INC-A,9,Q,2016-03-31,Y,2169.0,2401.0
V,VISA,VISA INC-A,9,Q,2015-12-31,Y,2190.0,2426.25
V,VISA,VISA INC-A,9,Q,2015-09-30,Y,2215.0,2440.0
V,VISA,VISA INC-A,9,Q,2015-06-30,Y,2215.0,2448.0
V,VISA,VISA INC-A,9,Q,2015-03-31,Y,2229.0,2460.0
V,VISA,VISA INC-A,9,Q,2014-12-31,Y,3040.0,2476.0
V,VISA,VISA INC-A,9,Q,2014-09-30,Y,3048.0,2495.35
V,VISA,VISA INC-A,9,Q,2014-06-30,Y,3064.0,2512.0
V,VISA,VISA INC-A,9,Q,2014-03-31,Y,3084.0,2536.0
V,VISA,VISA INC-A,9,Q,2013-12-31,Y,3115.19,2556.0
V,VISA,VISA INC-A,9,Q,2013-09-30,Y,3149.98,2576.0
V,VISA,VISA INC-A,9,Q,2013-06-30,Y,3168.0,2606.38
V,VISA,VISA INC-A,9,Q,2013-03-31,Y,3213.64,2640.0
V,VISA,VISA INC-A,9,Q,2012-12-31,Y,3242.43,2676.0
V,VISA,VISA INC-A,9,Q,2012-09-30,Y,3244.66,2688.0
V,VISA,VISA INC-A,9,Q,2012-06-30,Y,3255.91,2700.0
V,VISA,VISA INC-A,9,Q,2012-03-31,Y,3252.4,2704.0
V,VISA,VISA INC-A,9,Q,2011-12-31,Y,3251.79,2760.0
V,VISA,VISA INC-A,9,Q,2011-09-30,Y,3267.75,2768.0
V,VISA,VISA INC-A,9,Q,2011-06-30,Y,3320.28,2811.19
V,VISA,VISA INC-A,9,Q,2011-03-31,Y,3332.0,2841.94
VZ,BEL,VERIZON COMM,12,Q,2017-09-30,Y,4079.44,4089.0
VZ,BEL,VERIZON COMM,12,Q,2017-06-30,Y,4079.0,4087.0
VZ,BEL,VERIZON COMM,12,Q,2017-03-31,Y,4079.37,4087.0
VZ,BEL,VERIZON COMM,12,Q,2016-12-31,Y,4076.63,4087.0
VZ,BEL,VERIZON COMM,12,Q,2016-09-30,Y,4077.0,4086.0
VZ,BEL,VERIZON COMM,12,Q,2016-06-30,Y,4076.0,4085.0
VZ,BEL,VERIZON COMM,12,Q,2016-03-31,Y,4076.0,4085.0
VZ,BEL,VERIZON COMM,12,Q,2015-12-31,Y,4073.0,4083.0
VZ,BEL,VERIZON COMM,12,Q,2015-09-30,Y,4069.0,4078.0
VZ,BEL,VERIZON COMM,12,Q,2015-06-30,Y,4066.0,4085.0
VZ,BEL,VERIZON COMM,12,Q,2015-03-31,Y,4078.49,4121.0
VZ,BEL,VERIZON COMM,12,Q,2014-12-31,Y,4149.72,4157.0
VZ,BEL,VERIZON COMM,12,Q,2014-09-30,Y,4149.72,4159.0
VZ,BEL,VERIZON COMM,12,Q,2014-06-30,Y,4141.15,4153.0
VZ,BEL,VERIZON COMM,12,Q,2014-03-31,Y,4140.0,3430.0
VZ,BEL,VERIZON COMM,12,Q,2013-12-31,Y,4141.14,2875.0
VZ,BEL,VERIZON COMM,12,Q,2013-09-30,Y,2861.73,2874.0
VZ,BEL,VERIZON COMM,12,Q,2013-06-30,Y,2861.0,2872.0
VZ,BEL,VERIZON COMM,12,Q,2013-03-31,Y,2858.27,2872.0
VZ,BEL,VERIZON COMM,12,Q,2012-12-31,Y,2854.0,2862.0
VZ,BEL,VERIZON COMM,12,Q,2012-09-30,Y,2848.88,2866.0
VZ,BEL,VERIZON COMM,12,Q,2012-06-30,Y,2841.03,2858.0
VZ,BEL,VERIZON COMM,12,Q,2012-03-31,Y,2835.52,2849.0
VZ,BEL,VERIZON COMM,12,Q,2011-12-31,Y,2831.09,2835.0
VZ,BEL,VERIZON COMM,12,Q,2011-09-30,Y,2831.0,2839.0
VZ,BEL,VERIZON COMM,12,Q,2011-06-30,Y,2829.08,2838.0
VZ,BEL,VERIZON COMM,12,Q,2011-03-31,Y,2800.0,2834.0
WMT,WMS,WAL-MART STORES,1,Q,2017-10-31,Y,2987.2,
WMT,WMS,WAL-MART STORES,1,Q,2017-07-31,Y,3014.5,3021.0
WMT,WMS,WAL-MART STORES,1,Q,2017-04-30,Y,3033.01,3047.0
WMT,WMS,WAL-MART STORES,1,Q,2017-01-31,Y,3073.19,3077.0
WMT,WMS,WAL-MART STORES,1,Q,2016-10-31,Y,3093.26,3100.0
WMT,WMS,WAL-MART STORES,1,Q,2016-07-31,Y,3116.65,3119.0
WMT,WMS,WAL-MART STORES,1,Q,2016-04-30,Y,3138.77,3154.0
WMT,WMS,WAL-MART STORES,1,Q,2016-01-31,Y,3201.89,3195.0
WMT,WMS,WAL-MART STORES,1,Q,2015-10-31,Y,3205.94,3219.0
WMT,WMS,WAL-MART STORES,1,Q,2015-07-31,Y,3220.55,3231.0
WMT,WMS,WAL-MART STORES,1,Q,2015-04-30,Y,3225.5,3243.0
WMT,WMS,WAL-MART STORES,1,Q,2015-01-31,Y,3223.19,3242.0
WMT,WMS,WAL-MART STORES,1,Q,2014-10-31,Y,3222.51,3240.0
WMT,WMS,WAL-MART STORES,1,Q,2014-07-31,Y,3223.6,3241.0
WMT,WMS,WAL-MART STORES,1,Q,2014-04-30,Y,3223.6,3248.0
WMT,WMS,WAL-MART STORES,1,Q,2014-01-31,Y,3229.18,3254.0
WMT,WMS,WAL-MART STORES,1,Q,2013-10-31,Y,3244.07,3271.0
WMT,WMS,WAL-MART STORES,1,Q,2013-07-31,Y,3276.68,3291.0
WMT,WMS,WAL-MART STORES,1,Q,2013-04-30,Y,3289.83,3318.0
WMT,WMS,WAL-MART STORES,1,Q,2013-01-31,Y,3345.24,3355.0
WMT,WMS,WAL-MART STORES,1,Q,2012-10-31,Y,3361.44,3379.0
WMT,WMS,WAL-MART STORES,1,Q,2012-07-31,Y,3383.54,3398.0
WMT,WMS,WAL-MART STORES,1,Q,2012-04-30,Y,3400.68,3425.0
WMT,WMS,WAL-MART STORES,1,Q,2012-01-31,Y,3424.7,3442.0
WMT,WMS,WAL-MART STORES,1,Q,2011-10-31,Y,3446.64,3458.0
WMT,WMS,WAL-MART STORES,1,Q,2011-07-31,Y,3472.56,3485.0
WMT,WMS,WAL-MART STORES,1,Q,2011-04-30,Y,3486.24,3513.0
WMT,WMS,WAL-MART STORES,1,Q,2011-01-31,Y,3561.99,3563.0
XOM,J,EXXON MOBIL CRP,12,Q,2017-09-30,Y,4237.0,4268.82
XOM,J,EXXON MOBIL CRP,12,Q,2017-06-30,Y,4237.27,4271.0
XOM,J,EXXON MOBIL CRP,12,Q,2017-03-31,Y,4239.73,4223.0
XOM,J,EXXON MOBIL CRP,12,Q,2016-12-31,Y,4146.69,4097.56
XOM,J,EXXON MOBIL CRP,12,Q,2016-09-30,Y,4146.65,4206.35
XOM,J,EXXON MOBIL CRP,12,Q,2016-06-30,Y,4146.61,4178.0
XOM,J,EXXON MOBIL CRP,12,Q,2016-03-31,Y,4150.24,4209.3
XOM,J,EXXON MOBIL CRP,12,Q,2015-12-31,Y,4162.94,4183.0
XOM,J,EXXON MOBIL CRP,12,Q,2015-09-30,Y,4169.45,4198.02
XOM,J,EXXON MOBIL CRP,12,Q,2015-06-30,Y,4181.11,4200.0
XOM,J,EXXON MOBIL CRP,12,Q,2015-03-31,Y,4189.49,4222.22
XOM,J,EXXON MOBIL CRP,12,Q,2014-12-31,Y,4234.53,4235.0
XOM,J,EXXON MOBIL CRP,12,Q,2014-09-30,Y,4264.69,4269.84
XOM,J,EXXON MOBIL CRP,12,Q,2014-06-30,Y,4294.38,4297.0
XOM,J,EXXON MOBIL CRP,12,Q,2014-03-31,Y,4321.24,4328.0
XOM,J,EXXON MOBIL CRP,12,Q,2013-12-31,Y,4368.51,4371.73
XOM,J,EXXON MOBIL CRP,12,Q,2013-09-30,Y,4401.63,4396.65
XOM,J,EXXON MOBIL CRP,12,Q,2013-06-30,Y,4446.38,4433.0
XOM,J,EXXON MOBIL CRP,12,Q,2013-03-31,Y,4480.45,4481.13
XOM,J,EXXON MOBIL CRP,12,Q,2012-12-31,Y,4559.34,4522.73
XOM,J,EXXON MOBIL CRP,12,Q,2012-09-30,Y,4615.94,4578.95
XOM,J,EXXON MOBIL CRP,12,Q,2012-06-30,Y,4676.17,4665.69
XOM,J,EXXON MOBIL CRP,12,Q,2012-03-31,Y,4713.22,4716.0
XOM,J,EXXON MOBIL CRP,12,Q,2011-12-31,Y,4793.21,4771.57
XOM,J,EXXON MOBIL CRP,12,Q,2011-09-30,Y,4862.12,4849.77
XOM,J,EXXON MOBIL CRP,12,Q,2011-06-30,Y,4926.09,4876.71
XOM,J,EXXON MOBIL CRP,12,Q,2011-03-31,Y,4958.6,4976.64
