ticker,m_ticker,comp_name,fye,per_type,per_end_date,active_ticker_flag,mkt_val,ep_val
AAPL,AAPL,APPLE INC,9,Q,2017-09-30,Y,796064.94,
AAPL,AAPL,APPLE INC,9,Q,2017-06-30,Y,750897.25,764002.25
AAPL,AAPL,APPLE INC,9,Q,2017-03-31,Y,753717.94,771147.94
AAPL,AAPL,APPLE INC,9,Q,2016-12-31,Y,608960.31,622065.31
AAPL,AAPL,APPLE INC,9,Q,2016-09-30,Y,609163.56,617435.56
AAPL,AAPL,APPLE INC,9,Q,2016-06-30,Y,515135.19,522318.19
AAPL,AAPL,APPLE INC,9,Q,2016-03-31,Y,597095.88,611186.88
AAPL,AAPL,APPLE INC,9,Q,2015-12-31,Y,583612.75,598742.75
AAPL,AAPL,APPLE INC,9,Q,2015-09-30,Y,629010.25,640738.25
AAPL,AAPL,APPLE INC,9,Q,2015-06-30,Y,715263.94,727979.94
AAPL,AAPL,APPLE INC,9,Q,2015-03-31,Y,729926.44,736902.44
AAPL,AAPL,APPLE INC,9,Q,2014-12-31,Y,642935.69,642976.69
AAPL,AAPL,APPLE INC,9,Q,2014-09-30,Y,590882.69,594792.69
AAPL,AAPL,APPLE INC,9,Q,2014-06-30,Y,556452.5,547677.5
AAPL,AAPL,APPLE INC,9,Q,2014-03-31,Y,462363.16,437975.16
AAPL,AAPL,APPLE INC,9,Q,2013-12-31,Y,500739.0,476989.0
AAPL,AAPL,APPLE INC,9,Q,2013-09-30,Y,433125.97,409539.97
AAPL,AAPL,APPLE INC,9,Q,2013-06-30,Y,372202.53,346554.53
AAPL,AAPL,APPLE INC,9,Q,2013-03-31,Y,415683.44,376546.44
AAPL,AAPL,APPLE INC,9,Q,2012-12-31,Y,499614.09,459794.09
AAPL,AAPL,APPLE INC,9,Q,2012-09-30,Y,625348.25,596219.25
AAPL,AAPL,APPLE INC,9,Q,2012-06-30,Y,546076.25,518422.25
AAPL,AAPL,APPLE INC,9,Q,2012-03-31,Y,559002.5,530464.5
AAPL,AAPL,APPLE INC,9,Q,2011-12-31,Y,376410.66,346254.66
AAPL,AAPL,APPLE INC,9,Q,2011-09-30,Y,353518.38,327566.38
AAPL,AAPL,APPLE INC,9,Q,2011-06-30,Y,310412.56,282017.56
AAPL,AAPL,APPLE INC,9,Q,2011-03-31,Y,321072.31,291838.31
AXP,AXP,AMER EXPRESS CO,12,Q,2017-09-30,Y,78518.94,101112.94
AXP,AXP,AMER EXPRESS CO,12,Q,2017-06-30,Y,74466.44,95969.44
AXP,AXP,AMER EXPRESS CO,12,Q,2017-03-31,Y,70706.87,92987.87
AXP,AXP,AMER EXPRESS CO,12,Q,2016-12-31,Y,67802.09,89584.09
AXP,AXP,AMER EXPRESS CO,12,Q,2016-09-30,Y,58612.93,76986.94
AXP,AXP,AMER EXPRESS CO,12,Q,2016-06-30,Y,56128.94,73010.94
AXP,AXP,AMER EXPRESS CO,12,Q,2016-03-31,Y,58391.41,80657.41
AXP,AXP,AMER EXPRESS CO,12,Q,2015-12-31,Y,67393.96,92692.96
AXP,AXP,AMER EXPRESS CO,12,Q,2015-09-30,Y,73018.05,101733.05
AXP,AXP,AMER EXPRESS CO,12,Q,2015-06-30,Y,77875.45,109544.45
AXP,AXP,AMER EXPRESS CO,12,Q,2015-03-31,Y,79369.93,110509.93
AXP,AXP,AMER EXPRESS CO,12,Q,2014-12-31,Y,95179.93,130846.93
AXP,AXP,AMER EXPRESS CO,12,Q,2014-09-30,Y,90603.9,125051.9
AXP,AXP,AMER EXPRESS CO,12,Q,2014-06-30,Y,100429.87,136835.88
AXP,AXP,AMER EXPRESS CO,12,Q,2014-03-31,Y,95396.96,128751.96
AXP,AXP,AMER EXPRESS CO,12,Q,2013-12-31,Y,97196.42,133040.42
AXP,AXP,AMER EXPRESS CO,12,Q,2013-09-30,Y,81475.8,111718.8
AXP,AXP,AMER EXPRESS CO,12,Q,2013-06-30,Y,82134.26,111680.26
AXP,AXP,AMER EXPRESS CO,12,Q,2013-03-31,Y,74339.98,102741.98
AXP,AXP,AMER EXPRESS CO,12,Q,2012-12-31,Y,64323.68,101046.69
AXP,AXP,AMER EXPRESS CO,12,Q,2012-09-30,Y,64459.29,95587.28
AXP,AXP,AMER EXPRESS CO,12,Q,2012-06-30,Y,66994.65,100875.65
AXP,AXP,AMER EXPRESS CO,12,Q,2012-03-31,Y,67597.49,97359.49
AXP,AXP,AMER EXPRESS CO,12,Q,2011-12-31,Y,54787.11,89464.11
AXP,AXP,AMER EXPRESS CO,12,Q,2011-09-30,Y,53600.01,90422.01
AXP,AXP,AMER EXPRESS CO,12,Q,2011-06-30,Y,62151.37,100464.37
AXP,AXP,AMER EXPRESS CO,12,Q,2011-03-31,Y,54345.86,93048.86
BA,BA,BOEING CO,12,Q,2017-09-30,Y,151402.02,151150.02
BA,BA,BOEING CO,12,Q,2017-06-30,Y,116886.73,116615.73
BA,BA,BOEING CO,12,Q,2017-03-31,Y,106749.34,107976.34
BA,BA,BOEING CO,12,Q,2016-12-31,Y,96080.4,95619.4
BA,BA,BOEING CO,12,Q,2016-09-30,Y,81305.45,81461.45
BA,BA,BOEING CO,12,Q,2016-06-30,Y,82728.63,83310.63
BA,BA,BOEING CO,12,Q,2016-03-31,Y,80862.19,81231.19
BA,BA,BOEING CO,12,Q,2015-12-31,Y,96872.98,93550.98
BA,BA,BOEING CO,12,Q,2015-09-30,Y,87734.41,86279.41
BA,BA,BOEING CO,12,Q,2015-06-30,Y,94259.55,93538.55
BA,BA,BOEING CO,12,Q,2015-03-31,Y,103782.88,103056.88
BA,BA,BOEING CO,12,Q,2014-12-31,Y,92666.65,87715.65
BA,BA,BOEING CO,12,Q,2014-09-30,Y,90813.03,88037.03
BA,BA,BOEING CO,12,Q,2014-06-30,Y,92779.3,88741.3
BA,BA,BOEING CO,12,Q,2014-03-31,Y,92495.8,87546.8
BA,BA,BOEING CO,12,Q,2013-12-31,Y,101467.22,94281.22
BA,BA,BOEING CO,12,Q,2013-09-30,Y,88647.17,81413.17
BA,BA,BOEING CO,12,Q,2013-06-30,Y,77719.29,72089.29
BA,BA,BOEING CO,12,Q,2013-03-31,Y,65015.07,61416.07
BA,BA,BOEING CO,12,Q,2012-12-31,Y,56827.25,52242.25
BA,BA,BOEING CO,12,Q,2012-09-30,Y,52321.39,50163.39
BA,BA,BOEING CO,12,Q,2012-06-30,Y,55654.34,54082.34
BA,BA,BOEING CO,12,Q,2012-03-31,Y,55616.42,53917.42
BA,BA,BOEING CO,12,Q,2011-12-31,Y,54516.21,53262.21
BA,BA,BOEING CO,12,Q,2011-09-30,Y,44843.48,46387.48
BA,BA,BOEING CO,12,Q,2011-06-30,Y,54580.67,56102.67
BA,BA,BOEING CO,12,Q,2011-03-31,Y,54491.73,57442.73
CAT,CTR,CATERPILLAR INC,12,Q,2017-09-30,Y,73700.21,
CAT,CTR,CATERPILLAR INC,12,Q,2017-06-30,Y,63303.65,76886.65
CAT,CTR,CATERPILLAR INC,12,Q,2017-03-31,Y,54650.21,68903.22
CAT,CTR,CATERPILLAR INC,12,Q,2016-12-31,Y,54259.67,69909.67
CAT,CTR,CATERPILLAR INC,12,Q,2016-09-30,Y,51862.18,69371.19
CAT,CTR,CATERPILLAR INC,12,Q,2016-06-30,Y,44264.85,61480.85
CAT,CTR,CATERPILLAR INC,12,Q,2016-03-31,Y,44691.1,63275.1
CAT,CTR,CATERPILLAR INC,12,Q,2015-12-31,Y,39568.62,58277.62
CAT,CTR,CATERPILLAR INC,12,Q,2015-09-30,Y,38054.82,57216.82
CAT,CTR,CATERPILLAR INC,12,Q,2015-06-30,Y,51201.09,70825.09
CAT,CTR,CATERPILLAR INC,12,Q,2015-03-31,Y,48314.11,67554.11
CAT,CTR,CATERPILLAR INC,12,Q,2014-12-31,Y,55412.18,75855.17
CAT,CTR,CATERPILLAR INC,12,Q,2014-09-30,Y,62175.69,84273.69
CAT,CTR,CATERPILLAR INC,12,Q,2014-06-30,Y,67835.51,87215.51
CAT,CTR,CATERPILLAR INC,12,Q,2014-03-31,Y,63380.38,84836.38
CAT,CTR,CATERPILLAR INC,12,Q,2013-12-31,Y,57787.49,78425.48
CAT,CTR,CATERPILLAR INC,12,Q,2013-09-30,Y,54011.1,73669.09
CAT,CTR,CATERPILLAR INC,12,Q,2013-06-30,Y,54253.67,73823.67
CAT,CTR,CATERPILLAR INC,12,Q,2013-03-31,Y,56969.53,78227.53
CAT,CTR,CATERPILLAR INC,12,Q,2012-12-31,Y,58598.05,80860.05
CAT,CTR,CATERPILLAR INC,12,Q,2012-09-30,Y,56207.27,77044.27
CAT,CTR,CATERPILLAR INC,12,Q,2012-06-30,Y,55403.78,77561.78
CAT,CTR,CATERPILLAR INC,12,Q,2012-03-31,Y,68975.22,91302.22
CAT,CTR,CATERPILLAR INC,12,Q,2011-12-31,Y,58583.78,80470.78
CAT,CTR,CATERPILLAR INC,12,Q,2011-09-30,Y,47705.52,71257.52
CAT,CTR,CATERPILLAR INC,12,Q,2011-06-30,Y,68634.02,83845.02
CAT,CTR,CATERPILLAR INC,12,Q,2011-03-31,Y,71132.95,86158.95
CSCO,CSCO,CISCO SYSTEMS,7,Q,2017-09-30,Y,166528.42,121761.42
CSCO,CSCO,CISCO SYSTEMS,7,Q,2017-06-30,Y,156501.67,116749.67
CSCO,CSCO,CISCO SYSTEMS,7,Q,2017-03-31,Y,169265.55,127891.55
CSCO,CSCO,CISCO SYSTEMS,7,Q,2016-12-31,Y,151697.13,111363.13
CSCO,CSCO,CISCO SYSTEMS,7,Q,2016-09-30,Y,159433.7,118160.7
CSCO,CSCO,CISCO SYSTEMS,7,Q,2016-06-30,Y,144302.45,105221.45
CSCO,CSCO,CISCO SYSTEMS,7,Q,2016-03-31,Y,143264.48,104480.48
CSCO,CSCO,CISCO SYSTEMS,7,Q,2015-12-31,Y,137840.94,100327.94
CSCO,CSCO,CISCO SYSTEMS,7,Q,2015-09-30,Y,133537.78,94578.78
CSCO,CSCO,CISCO SYSTEMS,7,Q,2015-06-30,Y,139658.52,101825.52
CSCO,CSCO,CISCO SYSTEMS,7,Q,2015-03-31,Y,140507.95,107152.95
CSCO,CSCO,CISCO SYSTEMS,7,Q,2014-12-31,Y,142234.47,109742.47
CSCO,CSCO,CISCO SYSTEMS,7,Q,2014-09-30,Y,128873.5,97136.5
CSCO,CSCO,CISCO SYSTEMS,7,Q,2014-06-30,Y,128009.34,97924.34
CSCO,CSCO,CISCO SYSTEMS,7,Q,2014-03-31,Y,119844.45,85164.45
CSCO,CSCO,CISCO SYSTEMS,7,Q,2013-12-31,Y,120773.54,85519.54
CSCO,CSCO,CISCO SYSTEMS,7,Q,2013-09-30,Y,125223.15,87541.15
CSCO,CSCO,CISCO SYSTEMS,7,Q,2013-06-30,Y,129753.59,95321.59
CSCO,CSCO,CISCO SYSTEMS,7,Q,2013-03-31,Y,110936.74,80814.74
CSCO,CSCO,CISCO SYSTEMS,7,Q,2012-12-31,Y,104190.05,75462.05
CSCO,CSCO,CISCO SYSTEMS,7,Q,2012-09-30,Y,102289.61,69870.61
CSCO,CSCO,CISCO SYSTEMS,7,Q,2012-06-30,Y,92476.56,60350.56
CSCO,CSCO,CISCO SYSTEMS,7,Q,2012-03-31,Y,113699.52,83256.52
CSCO,CSCO,CISCO SYSTEMS,7,Q,2011-12-31,Y,96999.21,68875.21
CSCO,CSCO,CISCO SYSTEMS,7,Q,2011-09-30,Y,85252.87,56901.87
CSCO,CSCO,CISCO SYSTEMS,7,Q,2011-06-30,Y,86292.0,59093.0
CSCO,CSCO,CISCO SYSTEMS,7,Q,2011-03-31,Y,95058.37,66981.37
CVX,SD,CHEVRON CORP,12,Q,2017-09-30,Y,222662.86,
CVX,SD,CHEVRON CORP,12,Q,2017-06-30,Y,197659.14,226966.14
CVX,SD,CHEVRON CORP,12,Q,2017-03-31,Y,203419.14,233384.14
CVX,SD,CHEVRON CORP,12,Q,2016-12-31,Y,222190.41,250475.41
CVX,SD,CHEVRON CORP,12,Q,2016-09-30,Y,194160.66,226016.66
CVX,SD,CHEVRON CORP,12,Q,2016-06-30,Y,197573.33,228044.33
CVX,SD,CHEVRON CORP,12,Q,2016-03-31,Y,179800.59,203630.59
CVX,SD,CHEVRON CORP,12,Q,2015-12-31,Y,169308.06,191598.06
CVX,SD,CHEVRON CORP,12,Q,2015-09-30,Y,148332.11,164389.11
CVX,SD,CHEVRON CORP,12,Q,2015-06-30,Y,181409.73,198177.73
CVX,SD,CHEVRON CORP,12,Q,2015-03-31,Y,197412.61,214330.61
CVX,SD,CHEVRON CORP,12,Q,2014-12-31,Y,212067.77,222880.77
CVX,SD,CHEVRON CORP,12,Q,2014-09-30,Y,226580.58,232134.58
CVX,SD,CHEVRON CORP,12,Q,2014-06-30,Y,248521.53,254336.53
CVX,SD,CHEVRON CORP,12,Q,2014-03-31,Y,227014.67,230877.67
CVX,SD,CHEVRON CORP,12,Q,2013-12-31,Y,240223.56,243764.56
CVX,SD,CHEVRON CORP,12,Q,2013-09-30,Y,234740.92,234214.92
CVX,SD,CHEVRON CORP,12,Q,2013-06-30,Y,229402.58,225157.58
CVX,SD,CHEVRON CORP,12,Q,2013-03-31,Y,230831.39,223836.39
CVX,SD,CHEVRON CORP,12,Q,2012-12-31,Y,211649.56,201801.56
CVX,SD,CHEVRON CORP,12,Q,2012-09-30,Y,228707.05,217289.05
CVX,SD,CHEVRON CORP,12,Q,2012-06-30,Y,208117.11,196526.11
CVX,SD,CHEVRON CORP,12,Q,2012-03-31,Y,211950.64,201061.64
CVX,SD,CHEVRON CORP,12,Q,2011-12-31,Y,211893.92,201634.92
CVX,SD,CHEVRON CORP,12,Q,2011-09-30,Y,185456.2,174619.2
CVX,SD,CHEVRON CORP,12,Q,2011-06-30,Y,206733.19,198387.19
CVX,SD,CHEVRON CORP,12,Q,2011-03-31,Y,215780.8,208664.8
DD,DD,DU PONT (EI) DE,12,Q,2017-06-30,N,70040.63,74135.63
DD,DD,DU PONT (EI) DE,12,Q,2017-03-31,N,69648.68,72067.68
DD,DD,DU PONT (EI) DE,12,Q,2016-12-31,N,63809.71,66186.7
DD,DD,DU PONT (EI) DE,12,Q,2016-09-30,N,58219.84,61038.84
DD,DD,DU PONT (EI) DE,12,Q,2016-06-30,N,56656.26,59859.26
DD,DD,DU PONT (EI) DE,12,Q,2016-03-31,N,55310.78,58884.78
DD,DD,DU PONT (EI) DE,12,Q,2015-12-31,N,58368.71,60041.71
DD,DD,DU PONT (EI) DE,12,Q,2015-09-30,N,43613.19,48275.19
DD,DD,DU PONT (EI) DE,12,Q,2015-06-30,N,57864.39,64887.39
DD,DD,DU PONT (EI) DE,12,Q,2015-03-31,N,64697.29,69950.3
DD,DD,DU PONT (EI) DE,12,Q,2014-12-31,N,66985.73,69421.73
DD,DD,DU PONT (EI) DE,12,Q,2014-09-30,N,65677.77,70645.77
DD,DD,DU PONT (EI) DE,12,Q,2014-06-30,N,60096.7,65278.7
DD,DD,DU PONT (EI) DE,12,Q,2014-03-31,N,61482.12,67168.13
DD,DD,DU PONT (EI) DE,12,Q,2013-12-31,N,60273.77,62165.77
DD,DD,DU PONT (EI) DE,12,Q,2013-09-30,N,54076.3,57879.3
DD,DD,DU PONT (EI) DE,12,Q,2013-06-30,N,48324.47,52430.47
DD,DD,DU PONT (EI) DE,12,Q,2013-03-31,N,45181.58,50116.58
DD,DD,DU PONT (EI) DE,12,Q,2012-12-31,N,41941.15,48236.15
DD,DD,DU PONT (EI) DE,12,Q,2012-09-30,N,46769.85,53985.85
DD,DD,DU PONT (EI) DE,12,Q,2012-06-30,N,47386.07,55321.07
DD,DD,DU PONT (EI) DE,12,Q,2012-03-31,N,49463.83,57331.83
DD,DD,DU PONT (EI) DE,12,Q,2011-12-31,N,42297.02,50251.02
DD,DD,DU PONT (EI) DE,12,Q,2011-09-30,N,37272.11,46730.11
DD,DD,DU PONT (EI) DE,12,Q,2011-06-30,N,50196.61,60411.61
DD,DD,DU PONT (EI) DE,12,Q,2011-03-31,N,50922.73,54460.73
DIS,DIS,DISNEY WALT,9,Q,2017-09-30,Y,152140.92,
DIS,DIS,DISNEY WALT,9,Q,2017-06-30,Y,166268.39,180781.39
DIS,DIS,DISNEY WALT,9,Q,2017-03-31,Y,179297.72,192285.72
DIS,DIS,DISNEY WALT,9,Q,2016-12-31,Y,165066.88,176122.88
DIS,DIS,DISNEY WALT,9,Q,2016-09-30,Y,149235.41,161108.41
DIS,DIS,DISNEY WALT,9,Q,2016-06-30,Y,158707.19,168609.19
DIS,DIS,DISNEY WALT,9,Q,2016-03-31,Y,162031.22,172383.22
DIS,DIS,DISNEY WALT,9,Q,2015-12-31,Y,172503.23,181167.23
DIS,DIS,DISNEY WALT,9,Q,2015-09-30,Y,172499.08,181003.08
DIS,DIS,DISNEY WALT,9,Q,2015-06-30,Y,193668.31,201347.31
DIS,DIS,DISNEY WALT,9,Q,2015-03-31,Y,178267.17,186708.17
DIS,DIS,DISNEY WALT,9,Q,2014-12-31,Y,159649.7,166739.7
DIS,DIS,DISNEY WALT,9,Q,2014-09-30,Y,152824.0,162034.0
DIS,DIS,DISNEY WALT,9,Q,2014-06-30,Y,148488.31,157318.31
DIS,DIS,DISNEY WALT,9,Q,2014-03-31,Y,140287.38,147118.38
DIS,DIS,DISNEY WALT,9,Q,2013-12-31,Y,134256.2,141573.2
DIS,DIS,DISNEY WALT,9,Q,2013-09-30,Y,115207.65,124052.65
DIS,DIS,DISNEY WALT,9,Q,2013-06-30,Y,113729.43,122581.43
DIS,DIS,DISNEY WALT,9,Q,2013-03-31,Y,102548.77,111977.77
DIS,DIS,DISNEY WALT,9,Q,2012-12-31,Y,88233.96,97659.96
DIS,DIS,DISNEY WALT,9,Q,2012-09-30,Y,93804.7,101114.7
DIS,DIS,DISNEY WALT,9,Q,2012-06-30,Y,86687.21,94767.21
DIS,DIS,DISNEY WALT,9,Q,2012-03-31,Y,78469.56,87320.56
DIS,DIS,DISNEY WALT,9,Q,2011-12-31,Y,67369.24,74829.24
DIS,DIS,DISNEY WALT,9,Q,2011-09-30,Y,55977.08,63714.08
DIS,DIS,DISNEY WALT,9,Q,2011-06-30,Y,73791.62,79448.62
DIS,DIS,DISNEY WALT,9,Q,2011-03-31,Y,81830.89,87424.89
GE,GE,GENL ELECTRIC,12,Q,2017-09-30,Y,209691.02,
GE,GE,GENL ELECTRIC,12,Q,2017-06-30,Y,233851.11,253516.11
GE,GE,GENL ELECTRIC,12,Q,2017-03-31,Y,259519.7,275686.69
GE,GE,GENL ELECTRIC,12,Q,2016-12-31,Y,279545.94,292189.94
GE,GE,GENL ELECTRIC,12,Q,2016-09-30,Y,265431.75,282224.75
GE,GE,GENL ELECTRIC,12,Q,2016-06-30,Y,289479.28,320146.28
GE,GE,GENL ELECTRIC,12,Q,2016-03-31,Y,295174.34,319318.34
GE,GE,GENL ELECTRIC,12,Q,2015-12-31,Y,292164.81,334373.81
GE,GE,GENL ELECTRIC,12,Q,2015-09-30,Y,254955.0,298947.0
GE,GE,GENL ELECTRIC,12,Q,2015-06-30,Y,268262.09,322509.09
GE,GE,GENL ELECTRIC,12,Q,2015-03-31,Y,249983.78,311356.78
GE,GE,GENL ELECTRIC,12,Q,2014-12-31,Y,254150.0,302631.0
GE,GE,GENL ELECTRIC,12,Q,2014-09-30,Y,257280.98,333005.0
GE,GE,GENL ELECTRIC,12,Q,2014-06-30,Y,263691.0,347212.0
GE,GE,GENL ELECTRIC,12,Q,2014-03-31,Y,259618.83,347898.81
GE,GE,GENL ELECTRIC,12,Q,2013-12-31,Y,283589.88,372718.88
GE,GE,GENL ELECTRIC,12,Q,2013-09-30,Y,243290.53,339765.53
GE,GE,GENL ELECTRIC,12,Q,2013-06-30,Y,239787.39,338613.38
GE,GE,GENL ELECTRIC,12,Q,2013-03-31,Y,240408.05,336597.06
GE,GE,GENL ELECTRIC,12,Q,2012-12-31,Y,220107.44,330325.44
GE,GE,GENL ELECTRIC,12,Q,2012-09-30,Y,239791.25,340284.25
GE,GE,GENL ELECTRIC,12,Q,2012-06-30,Y,220639.7,328230.69
GE,GE,GENL ELECTRIC,12,Q,2012-03-31,Y,212365.83,314373.81
GE,GE,GENL ELECTRIC,12,Q,2011-12-31,Y,189082.14,300666.13
GE,GE,GENL ELECTRIC,12,Q,2011-09-30,Y,161337.13,291781.13
GE,GE,GENL ELECTRIC,12,Q,2011-06-30,Y,200018.73,341480.75
GE,GE,GENL ELECTRIC,12,Q,2011-03-31,Y,212900.7,373480.69
GS,GS&,GOLDMAN SACHS,12,Q,2017-09-30,Y,91762.91,
GS,GS&,GOLDMAN SACHS,12,Q,2017-06-30,Y,87346.66,-102545.34
GS,GS&,GOLDMAN SACHS,12,Q,2017-03-31,Y,91380.32,-125805.68
GS,GS&,GOLDMAN SACHS,12,Q,2016-12-31,Y,95217.05,-127729.95
GS,GS&,GOLDMAN SACHS,12,Q,2016-09-30,Y,65388.86,-166571.14
GS,GS&,GOLDMAN SACHS,12,Q,2016-06-30,Y,61719.24,-209048.75
GS,GS&,GOLDMAN SACHS,12,Q,2016-03-31,Y,65736.63,-189473.38
GS,GS&,GOLDMAN SACHS,12,Q,2015-12-31,Y,76874.59,-161450.41
GS,GS&,GOLDMAN SACHS,12,Q,2015-09-30,Y,75215.67,-161728.33
GS,GS&,GOLDMAN SACHS,12,Q,2015-06-30,Y,90200.63,-126122.38
GS,GS&,GOLDMAN SACHS,12,Q,2015-03-31,Y,84755.68,-127712.32
GS,GS&,GOLDMAN SACHS,12,Q,2014-12-31,Y,84421.88,-137052.13
GS,GS&,GOLDMAN SACHS,12,Q,2014-09-30,Y,83120.5,-138756.5
GS,GS&,GOLDMAN SACHS,12,Q,2014-06-30,Y,74875.16,-120378.84
GS,GS&,GOLDMAN SACHS,12,Q,2014-03-31,Y,74183.42,-197795.58
GS,GS&,GOLDMAN SACHS,12,Q,2013-12-31,Y,80339.73,-188597.28
GS,GS&,GOLDMAN SACHS,12,Q,2013-09-30,Y,71052.75,-217981.25
GS,GS&,GOLDMAN SACHS,12,Q,2013-06-30,Y,69348.88,-214090.13
GS,GS&,GOLDMAN SACHS,12,Q,2013-03-31,Y,68498.77,-193217.23
GS,GS&,GOLDMAN SACHS,12,Q,2012-12-31,Y,59946.06,-167115.94
GS,GS&,GOLDMAN SACHS,12,Q,2012-09-30,Y,54500.13,-202118.88
GS,GS&,GOLDMAN SACHS,12,Q,2012-06-30,Y,47151.33,-231463.67
GS,GS&,GOLDMAN SACHS,12,Q,2012-03-31,Y,61551.21,-224135.78
GS,GS&,GOLDMAN SACHS,12,Q,2011-12-31,Y,44519.87,-240237.13
GS,GS&,GOLDMAN SACHS,12,Q,2011-09-30,Y,47822.83,-237836.17
GS,GS&,GOLDMAN SACHS,12,Q,2011-06-30,Y,68905.35,-197465.66
GS,GS&,GOLDMAN SACHS,12,Q,2011-03-31,Y,82552.41,-183060.59
HD,HOMD,HOME DEPOT,1,Q,2017-09-30,Y,192807.47,212399.47
HD,HOMD,HOME DEPOT,1,Q,2017-06-30,Y,183398.13,202226.13
HD,HOMD,HOME DEPOT,1,Q,2017-03-31,Y,176367.66,196178.66
HD,HOMD,HOME DEPOT,1,Q,2016-12-31,Y,163331.03,182080.03
HD,HOMD,HOME DEPOT,1,Q,2016-09-30,Y,158993.67,175875.67
HD,HOMD,HOME DEPOT,1,Q,2016-06-30,Y,158847.27,176494.27
HD,HOMD,HOME DEPOT,1,Q,2016-03-31,Y,166986.7,185559.7
HD,HOMD,HOME DEPOT,1,Q,2015-12-31,Y,167677.28,182452.28
HD,HOMD,HOME DEPOT,1,Q,2015-09-30,Y,148301.06,159683.06
HD,HOMD,HOME DEPOT,1,Q,2015-06-30,Y,144355.2,155346.2
HD,HOMD,HOME DEPOT,1,Q,2015-03-31,Y,147506.56,162652.56
HD,HOMD,HOME DEPOT,1,Q,2014-12-31,Y,138332.3,152844.3
HD,HOMD,HOME DEPOT,1,Q,2014-09-30,Y,123474.89,135960.89
HD,HOMD,HOME DEPOT,1,Q,2014-06-30,Y,110761.13,122957.13
HD,HOMD,HOME DEPOT,1,Q,2014-03-31,Y,111433.0,124195.0
HD,HOMD,HOME DEPOT,1,Q,2013-12-31,Y,117947.36,127786.36
HD,HOMD,HOME DEPOT,1,Q,2013-09-30,Y,110801.38,118832.38
HD,HOMD,HOME DEPOT,1,Q,2013-06-30,Y,114823.79,121946.79
HD,HOMD,HOME DEPOT,1,Q,2013-03-31,Y,104333.59,111314.59
HD,HOMD,HOME DEPOT,1,Q,2012-12-31,Y,93235.29,101460.29
HD,HOMD,HOME DEPOT,1,Q,2012-09-30,Y,92406.07,100367.07
HD,HOMD,HOME DEPOT,1,Q,2012-06-30,Y,80803.92,88404.92
HD,HOMD,HOME DEPOT,1,Q,2012-03-31,Y,77556.3,86327.3
HD,HOMD,HOME DEPOT,1,Q,2011-12-31,Y,65762.84,74267.84
HD,HOMD,HOME DEPOT,1,Q,2011-09-30,Y,52337.09,60517.09
HD,HOMD,HOME DEPOT,1,Q,2011-06-30,Y,57882.07,66796.06
HD,HOMD,HOME DEPOT,1,Q,2011-03-31,Y,60734.71,68896.71
IBM,IBM,INTL BUS MACH,12,Q,2017-09-30,Y,135205.91,
IBM,IBM,INTL BUS MACH,12,Q,2017-06-30,Y,143360.38,168677.38
IBM,IBM,INTL BUS MACH,12,Q,2017-03-31,Y,163603.98,187349.98
IBM,IBM,INTL BUS MACH,12,Q,2016-12-31,Y,157832.44,183960.44
IBM,IBM,INTL BUS MACH,12,Q,2016-09-30,Y,151043.33,176638.33
IBM,IBM,INTL BUS MACH,12,Q,2016-06-30,Y,145101.69,174122.69
IBM,IBM,INTL BUS MACH,12,Q,2016-03-31,Y,145386.25,170771.25
IBM,IBM,INTL BUS MACH,12,Q,2015-12-31,Y,133506.55,158740.55
IBM,IBM,INTL BUS MACH,12,Q,2015-09-30,Y,140636.86,163190.86
IBM,IBM,INTL BUS MACH,12,Q,2015-06-30,Y,160545.44,185124.44
IBM,IBM,INTL BUS MACH,12,Q,2015-03-31,Y,158092.52,183583.52
IBM,IBM,INTL BUS MACH,12,Q,2014-12-31,Y,158996.05,185511.05
IBM,IBM,INTL BUS MACH,12,Q,2014-09-30,Y,187867.17,211123.17
IBM,IBM,INTL BUS MACH,12,Q,2014-06-30,Y,183478.42,207766.42
IBM,IBM,INTL BUS MACH,12,Q,2014-03-31,Y,200447.75,225411.75
IBM,IBM,INTL BUS MACH,12,Q,2013-12-31,Y,203673.64,225463.64
IBM,IBM,INTL BUS MACH,12,Q,2013-09-30,Y,202850.98,221096.98
IBM,IBM,INTL BUS MACH,12,Q,2013-06-30,Y,211901.64,227836.64
IBM,IBM,INTL BUS MACH,12,Q,2013-03-31,Y,237724.98,250404.98
IBM,IBM,INTL BUS MACH,12,Q,2012-12-31,Y,216438.48,229397.48
IBM,IBM,INTL BUS MACH,12,Q,2012-09-30,Y,237068.67,249147.67
IBM,IBM,INTL BUS MACH,12,Q,2012-06-30,Y,225598.41,239177.41
IBM,IBM,INTL BUS MACH,12,Q,2012-03-31,Y,241754.84,255179.84
IBM,IBM,INTL BUS MACH,12,Q,2011-12-31,Y,216724.3,227659.3
IBM,IBM,INTL BUS MACH,12,Q,2011-09-30,Y,208843.41,221629.41
IBM,IBM,INTL BUS MACH,12,Q,2011-06-30,Y,207781.38,217932.38
IBM,IBM,INTL BUS MACH,12,Q,2011-03-31,Y,198869.75,207373.75
INTC,ITL,INTEL CORP,12,Q,2017-09-30,Y,178214.41,188208.41
INTC,ITL,INTEL CORP,12,Q,2017-06-30,Y,158544.27,160470.27
INTC,ITL,INTEL CORP,12,Q,2017-03-31,Y,169853.63,173236.63
INTC,ITL,INTEL CORP,12,Q,2016-12-31,Y,171883.53,175433.53
INTC,ITL,INTEL CORP,12,Q,2016-09-30,Y,178595.25,184869.25
INTC,ITL,INTEL CORP,12,Q,2016-06-30,Y,154881.59,161245.59
INTC,ITL,INTEL CORP,12,Q,2016-03-31,Y,152607.92,159291.92
INTC,ITL,INTEL CORP,12,Q,2015-12-31,Y,162569.55,157292.55
INTC,ITL,INTEL CORP,12,Q,2015-09-30,Y,142230.66,141446.66
INTC,ITL,INTEL CORP,12,Q,2015-06-30,Y,144592.92,142838.92
INTC,ITL,INTEL CORP,12,Q,2015-03-31,Y,148344.88,146338.88
INTC,ITL,INTEL CORP,12,Q,2014-12-31,Y,175462.16,173467.16
INTC,ITL,INTEL CORP,12,Q,2014-09-30,Y,172393.81,168902.81
INTC,ITL,INTEL CORP,12,Q,2014-06-30,Y,153820.2,149689.2
INTC,ITL,INTEL CORP,12,Q,2014-03-31,Y,128347.2,122473.2
INTC,ITL,INTEL CORP,12,Q,2013-12-31,Y,129022.3,122100.3
INTC,ITL,INTEL CORP,12,Q,2013-09-30,Y,114192.42,108203.42
INTC,ITL,INTEL CORP,12,Q,2013-06-30,Y,120447.33,116247.33
INTC,ITL,INTEL CORP,12,Q,2013-03-31,Y,107995.91,104065.91
INTC,ITL,INTEL CORP,12,Q,2012-12-31,Y,102337.06,97311.06
INTC,ITL,INTEL CORP,12,Q,2012-09-30,Y,113342.97,109977.97
INTC,ITL,INTEL CORP,12,Q,2012-06-30,Y,134076.14,127521.14
INTC,ITL,INTEL CORP,12,Q,2012-03-31,Y,140462.53,133797.53
INTC,ITL,INTEL CORP,12,Q,2011-12-31,Y,123481.0,115728.0
INTC,ITL,INTEL CORP,12,Q,2011-09-30,Y,112030.09,103908.09
INTC,ITL,INTEL CORP,12,Q,2011-06-30,Y,117492.33,108035.33
INTC,ITL,INTEL CORP,12,Q,2011-03-31,Y,110747.85,100852.85
JNJ,JNJ,JOHNSON & JOHNS,12,Q,2017-09-30,Y,348946.81,
JNJ,JNJ,JOHNSON & JOHNS,12,Q,2017-06-30,Y,356367.16,370877.16
JNJ,JNJ,JOHNSON & JOHNS,12,Q,2017-03-31,Y,337641.63,325313.63
JNJ,JNJ,JOHNSON & JOHNS,12,Q,2016-12-31,Y,313432.5,293967.5
JNJ,JNJ,JOHNSON & JOHNS,12,Q,2016-09-30,Y,323189.16,306302.16
JNJ,JNJ,JOHNSON & JOHNS,12,Q,2016-06-30,Y,333653.13,315604.13
JNJ,JNJ,JOHNSON & JOHNS,12,Q,2016-03-31,Y,298452.84,278830.84
JNJ,JNJ,JOHNSON & JOHNS,12,Q,2015-12-31,Y,284220.5,258701.5
JNJ,JNJ,JOHNSON & JOHNS,12,Q,2015-09-30,Y,258327.45,235094.45
JNJ,JNJ,JOHNSON & JOHNS,12,Q,2015-06-30,Y,270260.97,250391.97
JNJ,JNJ,JOHNSON & JOHNS,12,Q,2015-03-31,Y,279724.34,263343.34
JNJ,JNJ,JOHNSON & JOHNS,12,Q,2014-12-31,Y,292702.94,274735.94
JNJ,JNJ,JOHNSON & JOHNS,12,Q,2014-09-30,Y,300614.41,280761.41
JNJ,JNJ,JOHNSON & JOHNS,12,Q,2014-06-30,Y,295980.47,277659.47
JNJ,JNJ,JOHNSON & JOHNS,12,Q,2014-03-31,Y,277826.31,261777.31
JNJ,JNJ,JOHNSON & JOHNS,12,Q,2013-12-31,Y,258415.52,242537.52
JNJ,JNJ,JOHNSON & JOHNS,12,Q,2013-09-30,Y,244298.86,228818.86
JNJ,JNJ,JOHNSON & JOHNS,12,Q,2013-06-30,Y,241171.06,225685.06
JNJ,JNJ,JOHNSON & JOHNS,12,Q,2013-03-31,Y,228042.36,217737.36
JNJ,JNJ,JOHNSON & JOHNS,12,Q,2012-12-31,Y,194265.47,184665.47
JNJ,JNJ,JOHNSON & JOHNS,12,Q,2012-09-30,Y,189987.7,181644.7
JNJ,JNJ,JOHNSON & JOHNS,12,Q,2012-06-30,Y,185544.89,180154.89
JNJ,JNJ,JOHNSON & JOHNS,12,Q,2012-03-31,Y,181081.97,160244.97
JNJ,JNJ,JOHNSON & JOHNS,12,Q,2011-12-31,Y,179089.09,159797.09
JNJ,JNJ,JOHNSON & JOHNS,12,Q,2011-09-30,Y,174533.16,156637.16
JNJ,JNJ,JOHNSON & JOHNS,12,Q,2011-06-30,Y,182340.83,166338.83
JNJ,JNJ,JOHNSON & JOHNS,12,Q,2011-03-31,Y,162361.95,144749.95
JPM,CHL,JPMORGAN CHASE,12,Q,2017-09-30,Y,336096.25,-383210.75
JPM,CHL,JPMORGAN CHASE,12,Q,2017-06-30,Y,324726.31,-400091.69
JPM,CHL,JPMORGAN CHASE,12,Q,2017-03-31,Y,312522.25,-401049.75
JPM,CHL,JPMORGAN CHASE,12,Q,2016-12-31,Y,308768.41,-338945.59
JPM,CHL,JPMORGAN CHASE,12,Q,2016-09-30,Y,240521.88,-424577.13
JPM,CHL,JPMORGAN CHASE,12,Q,2016-06-30,Y,227224.8,-414500.19
JPM,CHL,JPMORGAN CHASE,12,Q,2016-03-31,Y,216852.81,-414403.19
JPM,CHL,JPMORGAN CHASE,12,Q,2015-12-31,Y,243065.02,-338030.0
JPM,CHL,JPMORGAN CHASE,12,Q,2015-09-30,Y,225471.16,-405970.84
JPM,CHL,JPMORGAN CHASE,12,Q,2015-06-30,Y,251463.28,-420486.72
JPM,CHL,JPMORGAN CHASE,12,Q,2015-03-31,Y,224953.13,-591439.88
JPM,CHL,JPMORGAN CHASE,12,Q,2014-12-31,Y,233935.89,-566499.13
JPM,CHL,JPMORGAN CHASE,12,Q,2014-09-30,Y,226579.59,-517421.41
JPM,CHL,JPMORGAN CHASE,12,Q,2014-06-30,Y,218075.17,-520943.81
JPM,CHL,JPMORGAN CHASE,12,Q,2014-03-31,Y,229898.16,-487779.84
JPM,CHL,JPMORGAN CHASE,12,Q,2013-12-31,Y,219837.39,-451723.63
JPM,CHL,JPMORGAN CHASE,12,Q,2013-09-30,Y,194571.41,-521835.59
JPM,CHL,JPMORGAN CHASE,12,Q,2013-06-30,Y,199529.11,-486924.88
JPM,CHL,JPMORGAN CHASE,12,Q,2013-03-31,Y,181651.59,-465322.41
JPM,CHL,JPMORGAN CHASE,12,Q,2012-12-31,Y,167144.23,-469998.75
JPM,CHL,JPMORGAN CHASE,12,Q,2012-09-30,Y,153773.56,-460504.44
JPM,CHL,JPMORGAN CHASE,12,Q,2012-06-30,Y,136012.19,-442720.81
JPM,CHL,JPMORGAN CHASE,12,Q,2012-03-31,Y,175522.22,-400443.78
JPM,CHL,JPMORGAN CHASE,12,Q,2011-12-31,Y,126342.23,-411332.78
JPM,CHL,JPMORGAN CHASE,12,Q,2011-09-30,Y,117439.4,-466970.59
JPM,CHL,JPMORGAN CHASE,12,Q,2011-06-30,Y,162682.67,-392511.31
JPM,CHL,JPMORGAN CHASE,12,Q,2011-03-31,Y,183639.81,-325055.19
KO,KO,COCA COLA CO,12,Q,2017-09-30,Y,191772.61,196886.61
KO,KO,COCA COLA CO,12,Q,2017-06-30,Y,191298.89,195879.89
KO,KO,COCA COLA CO,12,Q,2017-03-31,Y,181327.41,187660.41
KO,KO,COCA COLA CO,12,Q,2016-12-31,Y,178815.28,186298.28
KO,KO,COCA COLA CO,12,Q,2016-09-30,Y,182524.42,188618.42
KO,KO,COCA COLA CO,12,Q,2016-06-30,Y,196106.63,201283.63
KO,KO,COCA COLA CO,12,Q,2016-03-31,Y,200692.38,205471.38
KO,KO,COCA COLA CO,12,Q,2015-12-31,Y,186832.41,195243.41
KO,KO,COCA COLA CO,12,Q,2015-09-30,Y,174522.17,177697.17
KO,KO,COCA COLA CO,12,Q,2015-06-30,Y,170650.67,175680.67
KO,KO,COCA COLA CO,12,Q,2015-03-31,Y,177142.39,183180.39
KO,KO,COCA COLA CO,12,Q,2014-12-31,Y,184928.39,182316.39
KO,KO,COCA COLA CO,12,Q,2014-09-30,Y,187103.53,183500.53
KO,KO,COCA COLA CO,12,Q,2014-06-30,Y,186179.95,183213.95
KO,KO,COCA COLA CO,12,Q,2014-03-31,Y,170331.83,169538.83
KO,KO,COCA COLA CO,12,Q,2013-12-31,Y,182421.8,181307.8
KO,KO,COCA COLA CO,12,Q,2013-09-30,Y,167927.89,161641.89
KO,KO,COCA COLA CO,12,Q,2013-06-30,Y,178640.13,173606.13
KO,KO,COCA COLA CO,12,Q,2013-03-31,Y,180229.69,176092.69
KO,KO,COCA COLA CO,12,Q,2012-12-31,Y,162587.13,160772.13
KO,KO,COCA COLA CO,12,Q,2012-09-30,Y,170757.98,168855.98
KO,KO,COCA COLA CO,12,Q,2012-06-30,Y,176392.75,175816.75
KO,KO,COCA COLA CO,12,Q,2012-03-31,Y,167601.14,168173.14
KO,KO,COCA COLA CO,12,Q,2011-12-31,Y,158918.13,158539.13
KO,KO,COCA COLA CO,12,Q,2011-09-30,Y,155124.25,152335.25
KO,KO,COCA COLA CO,12,Q,2011-06-30,Y,154043.91,151399.91
KO,KO,COCA COLA CO,12,Q,2011-03-31,Y,152258.8,152662.8
MCD,MCD,MCDONALDS CORP,12,Q,2017-09-30,Y,126910.26,
MCD,MCD,MCDONALDS CORP,12,Q,2017-06-30,Y,124836.13,150594.64
MCD,MCD,MCDONALDS CORP,12,Q,2017-03-31,Y,105859.38,130431.38
MCD,MCD,MCDONALDS CORP,12,Q,2016-12-31,Y,101081.65,125736.75
MCD,MCD,MCDONALDS CORP,12,Q,2016-09-30,Y,98443.85,122184.15
MCD,MCD,MCDONALDS CORP,12,Q,2016-06-30,Y,105641.43,128523.43
MCD,MCD,MCDONALDS CORP,12,Q,2016-03-31,Y,110306.2,130348.7
MCD,MCD,MCDONALDS CORP,12,Q,2015-12-31,Y,108479.7,124916.3
MCD,MCD,MCDONALDS CORP,12,Q,2015-09-30,Y,92796.55,108334.55
MCD,MCD,MCDONALDS CORP,12,Q,2015-06-30,Y,91126.03,105029.13
MCD,MCD,MCDONALDS CORP,12,Q,2015-03-31,Y,93457.34,106114.34
MCD,MCD,MCDONALDS CORP,12,Q,2014-12-31,Y,91189.22,104047.02
MCD,MCD,MCDONALDS CORP,12,Q,2014-09-30,Y,93096.7,104380.3
MCD,MCD,MCDONALDS CORP,12,Q,2014-06-30,Y,99573.13,110793.93
MCD,MCD,MCDONALDS CORP,12,Q,2014-03-31,Y,97038.04,108119.64
MCD,MCD,MCDONALDS CORP,12,Q,2013-12-31,Y,96547.77,107878.87
MCD,MCD,MCDONALDS CORP,12,Q,2013-09-30,Y,96175.95,107119.45
MCD,MCD,MCDONALDS CORP,12,Q,2013-06-30,Y,99252.36,110343.76
MCD,MCD,MCDONALDS CORP,12,Q,2013-03-31,Y,99968.34,110896.95
MCD,MCD,MCDONALDS CORP,12,Q,2012-12-31,Y,88560.81,99857.21
MCD,MCD,MCDONALDS CORP,12,Q,2012-09-30,Y,92523.55,103097.05
MCD,MCD,MCDONALDS CORP,12,Q,2012-06-30,Y,89968.17,100203.97
MCD,MCD,MCDONALDS CORP,12,Q,2012-03-31,Y,99920.34,109686.95
MCD,MCD,MCDONALDS CORP,12,Q,2011-12-31,Y,102659.47,112457.57
MCD,MCD,MCDONALDS CORP,12,Q,2011-09-30,Y,90608.47,99207.77
MCD,MCD,MCDONALDS CORP,12,Q,2011-06-30,Y,87488.49,96481.29
MCD,MCD,MCDONALDS CORP,12,Q,2011-03-31,Y,79384.63,87969.02
MMM,MMM,3M CO,12,Q,2017-09-30,Y,125261.44,
MMM,MMM,3M CO,12,Q,2017-06-30,Y,124240.97,132534.97
MMM,MMM,3M CO,12,Q,2017-03-31,Y,114269.86,122757.86
MMM,MMM,3M CO,12,Q,2016-12-31,Y,106557.37,114557.37
MMM,MMM,3M CO,12,Q,2016-09-30,Y,105996.35,114409.35
MMM,MMM,3M CO,12,Q,2016-06-30,Y,106212.91,113646.91
MMM,MMM,3M CO,12,Q,2016-03-31,Y,101063.6,108477.6
MMM,MMM,3M CO,12,Q,2015-12-31,Y,92751.01,99588.01
MMM,MMM,3M CO,12,Q,2015-09-30,Y,87289.63,94505.63
MMM,MMM,3M CO,12,Q,2015-06-30,Y,96398.16,101344.16
MMM,MMM,3M CO,12,Q,2015-03-31,Y,104634.55,108284.55
MMM,MMM,3M CO,12,Q,2014-12-31,Y,104514.1,108696.1
MMM,MMM,3M CO,12,Q,2014-09-30,Y,90791.23,93320.23
MMM,MMM,3M CO,12,Q,2014-06-30,Y,93718.79,96032.79
MMM,MMM,3M CO,12,Q,2014-03-31,Y,89900.8,91487.8
MMM,MMM,3M CO,12,Q,2013-12-31,Y,93300.19,94289.19
MMM,MMM,3M CO,12,Q,2013-09-30,Y,81612.92,81834.92
MMM,MMM,3M CO,12,Q,2013-06-30,Y,75472.82,76104.82
MMM,MMM,3M CO,12,Q,2013-03-31,Y,73352.84,73840.84
MMM,MMM,3M CO,12,Q,2012-12-31,Y,64245.8,64630.8
MMM,MMM,3M CO,12,Q,2012-09-30,Y,63891.7,63725.7
MMM,MMM,3M CO,12,Q,2012-06-30,Y,62170.93,62924.93
MMM,MMM,3M CO,12,Q,2012-03-31,Y,61977.49,62756.49
MMM,MMM,3M CO,12,Q,2011-12-31,Y,57280.07,58084.07
MMM,MMM,3M CO,12,Q,2011-09-30,Y,50937.59,51030.59
MMM,MMM,3M CO,12,Q,2011-06-30,Y,67398.23,67358.23
MMM,MMM,3M CO,12,Q,2011-03-31,Y,66553.77,67007.77
MRK,MRK,MERCK & CO INC,12,Q,2017-09-30,Y,175132.53,
MRK,MRK,MERCK & CO INC,12,Q,2017-06-30,Y,175296.64,185035.64
MRK,MRK,MERCK & CO INC,12,Q,2017-03-31,Y,174196.83,182384.83
MRK,MRK,MERCK & CO INC,12,Q,2016-12-31,Y,162312.72,172245.72
MRK,MRK,MERCK & CO INC,12,Q,2016-09-30,Y,172576.64,183165.64
MRK,MRK,MERCK & CO INC,12,Q,2016-06-30,Y,159465.94,171273.94
MRK,MRK,MERCK & CO INC,12,Q,2016-03-31,Y,146545.42,157258.42
MRK,MRK,MERCK & CO INC,12,Q,2015-12-31,Y,147554.95,157956.95
MRK,MRK,MERCK & CO INC,12,Q,2015-09-30,Y,139113.61,151148.61
MRK,MRK,MERCK & CO INC,12,Q,2015-06-30,Y,160839.91,173538.91
MRK,MRK,MERCK & CO INC,12,Q,2015-03-31,Y,162579.48,172484.48
MRK,MRK,MERCK & CO INC,12,Q,2014-12-31,Y,161901.08,164881.08
MRK,MRK,MERCK & CO INC,12,Q,2014-09-30,Y,171000.98,175219.98
MRK,MRK,MERCK & CO INC,12,Q,2014-06-30,Y,169059.45,174254.45
MRK,MRK,MERCK & CO INC,12,Q,2014-03-31,Y,166939.11,166015.11
MRK,MRK,MERCK & CO INC,12,Q,2013-12-31,Y,146242.55,149295.55
MRK,MRK,MERCK & CO INC,12,Q,2013-09-30,Y,139321.84,143799.84
MRK,MRK,MERCK & CO INC,12,Q,2013-06-30,Y,140260.98,144688.98
MRK,MRK,MERCK & CO INC,12,Q,2013-03-31,Y,133588.67,133655.67
MRK,MRK,MERCK & CO INC,12,Q,2012-12-31,Y,124460.55,124573.55
MRK,MRK,MERCK & CO INC,12,Q,2012-09-30,Y,137342.78,136796.78
MRK,MRK,MERCK & CO INC,12,Q,2012-06-30,Y,126985.34,124592.34
MRK,MRK,MERCK & CO INC,12,Q,2012-03-31,Y,116889.91,116551.91
MRK,MRK,MERCK & CO INC,12,Q,2011-12-31,Y,114906.63,115459.63
MRK,MRK,MERCK & CO INC,12,Q,2011-09-30,Y,100742.07,100858.07
MRK,MRK,MERCK & CO INC,12,Q,2011-06-30,Y,108925.59,110727.59
MRK,MRK,MERCK & CO INC,12,Q,2011-03-31,Y,101772.5,104387.5
MSFT,MSFT,MICROSOFT CORP,6,Q,2017-09-30,Y,574659.81,518211.81
MSFT,MSFT,MICROSOFT CORP,6,Q,2017-06-30,Y,531312.44,474404.44
MSFT,MSFT,MICROSOFT CORP,6,Q,2017-03-31,Y,508935.16,459139.16
MSFT,MSFT,MICROSOFT CORP,6,Q,2016-12-31,Y,483160.34,419685.34
MSFT,MSFT,MICROSOFT CORP,6,Q,2016-09-30,Y,447860.25,371082.25
MSFT,MSFT,MICROSOFT CORP,6,Q,2016-06-30,Y,399535.38,326852.38
MSFT,MSFT,MICROSOFT CORP,6,Q,2016-03-31,Y,434133.59,369477.59
MSFT,MSFT,MICROSOFT CORP,6,Q,2015-12-31,Y,443169.44,381208.44
MSFT,MSFT,MICROSOFT CORP,6,Q,2015-09-30,Y,353545.03,282009.03
MSFT,MSFT,MICROSOFT CORP,6,Q,2015-06-30,Y,354392.09,285674.09
MSFT,MSFT,MICROSOFT CORP,6,Q,2015-03-31,Y,329834.03,262040.03
MSFT,MSFT,MICROSOFT CORP,6,Q,2014-12-31,Y,381065.81,309076.81
MSFT,MSFT,MICROSOFT CORP,6,Q,2014-09-30,Y,382138.69,311417.69
MSFT,MSFT,MICROSOFT CORP,6,Q,2014-06-30,Y,344459.19,279395.19
MSFT,MSFT,MICROSOFT CORP,6,Q,2014-03-31,Y,340246.72,272500.72
MSFT,MSFT,MICROSOFT CORP,6,Q,2013-12-31,Y,312297.5,249029.5
MSFT,MSFT,MICROSOFT CORP,6,Q,2013-09-30,Y,277220.94,209180.94
MSFT,MSFT,MICROSOFT CORP,6,Q,2013-06-30,Y,288489.0,224068.0
MSFT,MSFT,MICROSOFT CORP,6,Q,2013-03-31,Y,239602.48,177068.48
MSFT,MSFT,MICROSOFT CORP,6,Q,2012-12-31,Y,224801.17,168436.17
MSFT,MSFT,MICROSOFT CORP,6,Q,2012-09-30,Y,249489.91,192559.91
MSFT,MSFT,MICROSOFT CORP,6,Q,2012-06-30,Y,256982.5,204655.5
MSFT,MSFT,MICROSOFT CORP,6,Q,2012-03-31,Y,270644.34,223053.34
MSFT,MSFT,MICROSOFT CORP,6,Q,2011-12-31,Y,218380.25,178576.25
MSFT,MSFT,MICROSOFT CORP,6,Q,2011-09-30,Y,208535.05,163059.05
MSFT,MSFT,MICROSOFT CORP,6,Q,2011-06-30,Y,219251.95,178400.95
MSFT,MSFT,MICROSOFT CORP,6,Q,2011-03-31,Y,213336.5,175101.5
NKE,NIKE,NIKE INC-B,5,Q,2017-09-30,Y,85199.6,83152.6
NKE,NIKE,NIKE INC-B,5,Q,2017-06-30,Y,96948.45,94240.45
NKE,NIKE,NIKE INC-B,5,Q,2017-03-31,Y,91997.13,89309.13
NKE,NIKE,NIKE INC-B,5,Q,2016-12-31,Y,84097.07,81627.07
NKE,NIKE,NIKE INC-B,5,Q,2016-09-30,Y,87685.1,84891.1
NKE,NIKE,NIKE INC-B,5,Q,2016-06-30,Y,92604.57,89140.57
NKE,NIKE,NIKE INC-B,5,Q,2016-03-31,Y,103559.87,100501.87
NKE,NIKE,NIKE INC-B,5,Q,2015-12-31,Y,106446.75,102397.75
NKE,NIKE,NIKE INC-B,5,Q,2015-09-30,Y,104794.3,100465.3
NKE,NIKE,NIKE INC-B,5,Q,2015-06-30,Y,92395.12,87550.12
NKE,NIKE,NIKE INC-B,5,Q,2015-03-31,Y,86258.52,81979.52
NKE,NIKE,NIKE INC-B,5,Q,2014-12-31,Y,83067.55,79438.55
NKE,NIKE,NIKE INC-B,5,Q,2014-09-30,Y,76846.42,73462.42
NKE,NIKE,NIKE INC-B,5,Q,2014-06-30,Y,68099.53,64156.53
NKE,NIKE,NIKE INC-B,5,Q,2014-03-31,Y,64859.2,61031.2
NKE,NIKE,NIKE INC-B,5,Q,2013-12-31,Y,69954.6,65968.6
NKE,NIKE,NIKE INC-B,5,Q,2013-09-30,Y,64675.24,60304.24
NKE,NIKE,NIKE INC-B,5,Q,2013-06-30,Y,56905.4,52150.4
NKE,NIKE,NIKE INC-B,5,Q,2013-03-31,Y,52855.91,48974.91
NKE,NIKE,NIKE INC-B,5,Q,2012-12-31,Y,46496.96,43141.96
NKE,NIKE,NIKE INC-B,5,Q,2012-09-30,Y,43266.62,40225.62
NKE,NIKE,NIKE INC-B,5,Q,2012-06-30,Y,40235.54,36706.54
NKE,NIKE,NIKE INC-B,5,Q,2012-03-31,Y,49705.43,46737.43
NKE,NIKE,NIKE INC-B,5,Q,2011-12-31,Y,44225.45,41094.45
NKE,NIKE,NIKE INC-B,5,Q,2011-09-30,Y,39648.25,36186.25
NKE,NIKE,NIKE INC-B,5,Q,2011-06-30,Y,42662.13,38400.13
NKE,NIKE,NIKE INC-B,5,Q,2011-03-31,Y,35891.56,31702.56
PFE,PFE,PFIZER INC,12,Q,2017-09-30,Y,212320.38,
PFE,PFE,PFIZER INC,12,Q,2017-06-30,Y,200459.88,220340.88
PFE,PFE,PFIZER INC,12,Q,2017-03-31,Y,203724.88,
PFE,PFE,PFIZER INC,12,Q,2016-12-31,Y,197100.19,210672.19
PFE,PFE,PFIZER INC,12,Q,2016-09-30,Y,205443.64,221534.64
PFE,PFE,PFIZER INC,12,Q,2016-06-30,Y,213543.33,223083.33
PFE,PFE,PFIZER INC,12,Q,2016-03-31,Y,183527.3,191934.3
PFE,PFE,PFIZER INC,12,Q,2015-12-31,Y,199280.69,204756.69
PFE,PFE,PFIZER INC,12,Q,2015-09-30,Y,193716.41,202164.41
PFE,PFE,PFIZER INC,12,Q,2015-06-30,Y,206466.69,202967.69
PFE,PFE,PFIZER INC,12,Q,2015-03-31,Y,213622.23,215312.23
PFE,PFE,PFIZER INC,12,Q,2014-12-31,Y,196265.47,191713.47
PFE,PFE,PFIZER INC,12,Q,2014-09-30,Y,187499.33,185749.33
PFE,PFE,PFIZER INC,12,Q,2014-06-30,Y,189090.98,187334.98
PFE,PFE,PFIZER INC,12,Q,2014-03-31,Y,204884.41,198684.41
PFE,PFE,PFIZER INC,12,Q,2013-12-31,Y,198515.2,196602.2
PFE,PFE,PFIZER INC,12,Q,2013-09-30,Y,190168.13,188336.13
PFE,PFE,PFIZER INC,12,Q,2013-06-30,Y,198681.19,196538.19
PFE,PFE,PFIZER INC,12,Q,2013-03-31,Y,207377.7,203550.7
PFE,PFE,PFIZER INC,12,Q,2012-12-31,Y,184648.2,183015.2
PFE,PFE,PFIZER INC,12,Q,2012-09-30,Y,185616.69,193772.69
PFE,PFE,PFIZER INC,12,Q,2012-06-30,Y,172227.14,178831.14
PFE,PFE,PFIZER INC,12,Q,2012-03-31,Y,170685.13,180299.13
PFE,PFE,PFIZER INC,12,Q,2011-12-31,Y,166345.97,174558.97
PFE,PFE,PFIZER INC,12,Q,2011-09-30,Y,137941.61,144423.61
PFE,PFE,PFIZER INC,12,Q,2011-06-30,Y,162763.28,173049.28
PFE,PFE,PFIZER INC,12,Q,2011-03-31,Y,162301.52,173649.52
PG,PG,PROCTER & GAMBL,6,Q,2017-09-30,Y,230812.45,235984.45
PG,PG,PROCTER & GAMBL,6,Q,2017-06-30,Y,222896.06,230812.06
PG,PG,PROCTER & GAMBL,6,Q,2017-03-31,Y,229801.61,233117.61
PG,PG,PROCTER & GAMBL,6,Q,2016-12-31,Y,224997.52,229027.52
PG,PG,PROCTER & GAMBL,6,Q,2016-09-30,Y,240170.39,244168.39
PG,PG,PROCTER & GAMBL,6,Q,2016-06-30,Y,225379.02,232014.02
PG,PG,PROCTER & GAMBL,6,Q,2016-03-31,Y,219097.03,225455.03
PG,PG,PROCTER & GAMBL,6,Q,2015-12-31,Y,216040.73,220420.73
PG,PG,PROCTER & GAMBL,6,Q,2015-09-30,Y,195718.05,201573.05
PG,PG,PROCTER & GAMBL,6,Q,2015-06-30,Y,212264.81,220056.81
PG,PG,PROCTER & GAMBL,6,Q,2015-03-31,Y,222302.91,227592.91
PG,PG,PROCTER & GAMBL,6,Q,2014-12-31,Y,246136.02,253103.02
PG,PG,PROCTER & GAMBL,6,Q,2014-09-30,Y,226275.45,235535.45
PG,PG,PROCTER & GAMBL,6,Q,2014-06-30,Y,212661.41,222897.41
PG,PG,PROCTER & GAMBL,6,Q,2014-03-31,Y,218539.5,230739.5
PG,PG,PROCTER & GAMBL,6,Q,2013-12-31,Y,221291.22,235430.22
PG,PG,PROCTER & GAMBL,6,Q,2013-09-30,Y,206991.88,218897.88
PG,PG,PROCTER & GAMBL,6,Q,2013-06-30,Y,211012.13,225313.13
PG,PG,PROCTER & GAMBL,6,Q,2013-03-31,Y,210501.03,226893.03
PG,PG,PROCTER & GAMBL,6,Q,2012-12-31,Y,185626.95,203746.95
PG,PG,PROCTER & GAMBL,6,Q,2012-09-30,Y,191250.16,210681.16
PG,PG,PROCTER & GAMBL,6,Q,2012-06-30,Y,167831.5,185670.5
PG,PG,PROCTER & GAMBL,6,Q,2012-03-31,Y,185123.17,203675.17
PG,PG,PROCTER & GAMBL,6,Q,2011-12-31,Y,183540.56,199613.56
PG,PG,PROCTER & GAMBL,6,Q,2011-09-30,Y,173603.98,193614.98
PG,PG,PROCTER & GAMBL,6,Q,2011-06-30,Y,177442.58,197941.58
PG,PG,PROCTER & GAMBL,6,Q,2011-03-31,Y,172528.3,192522.3
TRV,SPM,TRAVELERS COS,12,Q,2017-09-30,Y,33533.22,34216.22
TRV,SPM,TRAVELERS COS,12,Q,2017-06-30,Y,34915.58,36215.58
TRV,SPM,TRAVELERS COS,12,Q,2017-03-31,Y,33680.78,35052.78
TRV,SPM,TRAVELERS COS,12,Q,2016-12-31,Y,34228.63,35493.63
TRV,SPM,TRAVELERS COS,12,Q,2016-09-30,Y,32538.96,33902.96
TRV,SPM,TRAVELERS COS,12,Q,2016-06-30,Y,34316.97,36499.97
TRV,SPM,TRAVELERS COS,12,Q,2016-03-31,Y,34125.42,35521.42
TRV,SPM,TRAVELERS COS,12,Q,2015-12-31,Y,33395.28,34688.28
TRV,SPM,TRAVELERS COS,12,Q,2015-09-30,Y,30278.92,31549.92
TRV,SPM,TRAVELERS COS,12,Q,2015-06-30,Y,30081.18,32190.18
TRV,SPM,TRAVELERS COS,12,Q,2015-03-31,Y,34460.82,36011.82
TRV,SPM,TRAVELERS COS,12,Q,2014-12-31,Y,35078.69,36689.69
TRV,SPM,TRAVELERS COS,12,Q,2014-09-30,Y,31131.72,32079.72
TRV,SPM,TRAVELERS COS,12,Q,2014-06-30,Y,32686.69,34904.69
TRV,SPM,TRAVELERS COS,12,Q,2014-03-31,Y,29983.03,32036.03
TRV,SPM,TRAVELERS COS,12,Q,2013-12-31,Y,32962.72,35132.72
TRV,SPM,TRAVELERS COS,12,Q,2013-09-30,Y,31658.97,32330.97
TRV,SPM,TRAVELERS COS,12,Q,2013-06-30,Y,30083.33,32233.33
TRV,SPM,TRAVELERS COS,12,Q,2013-03-31,Y,31820.03,34060.03
TRV,SPM,TRAVELERS COS,12,Q,2012-12-31,Y,27395.67,29932.67
TRV,SPM,TRAVELERS COS,12,Q,2012-09-30,Y,26304.54,28793.54
TRV,SPM,TRAVELERS COS,12,Q,2012-06-30,Y,24836.25,27680.25
TRV,SPM,TRAVELERS COS,12,Q,2012-03-31,Y,23269.86,26244.86
TRV,SPM,TRAVELERS COS,12,Q,2011-12-31,Y,24423.78,27220.78
TRV,SPM,TRAVELERS COS,12,Q,2011-09-30,Y,20405.15,21981.15
TRV,SPM,TRAVELERS COS,12,Q,2011-06-30,Y,24453.75,25760.75
TRV,SPM,TRAVELERS COS,12,Q,2011-03-31,Y,25639.03,26425.03
UNH,UNIH,UNITEDHEALTH GP,12,Q,2017-09-30,Y,189359.52,
UNH,UNIH,UNITEDHEALTH GP,12,Q,2017-06-30,Y,178682.13,186909.13
UNH,UNIH,UNITEDHEALTH GP,12,Q,2017-03-31,Y,158123.69,164925.69
UNH,UNIH,UNITEDHEALTH GP,12,Q,2016-12-31,Y,152328.63,164830.63
UNH,UNIH,UNITEDHEALTH GP,12,Q,2016-09-30,Y,133334.75,143689.75
UNH,UNIH,UNITEDHEALTH GP,12,Q,2016-06-30,Y,134253.53,150113.53
UNH,UNIH,UNITEDHEALTH GP,12,Q,2016-03-31,Y,122481.94,136685.94
UNH,UNIH,UNITEDHEALTH GP,12,Q,2015-12-31,Y,112123.63,124543.63
UNH,UNIH,UNITEDHEALTH GP,12,Q,2015-09-30,Y,110622.85,126712.85
UNH,UNIH,UNITEDHEALTH GP,12,Q,2015-06-30,Y,116150.11,121726.11
UNH,UNIH,UNITEDHEALTH GP,12,Q,2015-03-31,Y,112567.73,117714.73
UNH,UNIH,UNITEDHEALTH GP,12,Q,2014-12-31,Y,97025.27,103796.27
UNH,UNIH,UNITEDHEALTH GP,12,Q,2014-09-30,Y,83802.66,89182.66
UNH,UNIH,UNITEDHEALTH GP,12,Q,2014-06-30,Y,80103.64,86444.64
UNH,UNIH,UNITEDHEALTH GP,12,Q,2014-03-31,Y,81103.85,86244.85
UNH,UNIH,UNITEDHEALTH GP,12,Q,2013-12-31,Y,75808.88,81486.88
UNH,UNIH,UNITEDHEALTH GP,12,Q,2013-09-30,Y,72805.89,76974.89
UNH,UNIH,UNITEDHEALTH GP,12,Q,2013-06-30,Y,66790.06,72236.06
UNH,UNIH,UNITEDHEALTH GP,12,Q,2013-03-31,Y,58635.96,61237.96
UNH,UNIH,UNITEDHEALTH GP,12,Q,2012-12-31,Y,55405.79,58009.79
UNH,UNIH,UNITEDHEALTH GP,12,Q,2012-09-30,Y,57222.24,56414.24
UNH,UNIH,UNITEDHEALTH GP,12,Q,2012-06-30,Y,60690.71,57416.71
UNH,UNIH,UNITEDHEALTH GP,12,Q,2012-03-31,Y,61590.18,58347.18
UNH,UNIH,UNITEDHEALTH GP,12,Q,2011-12-31,Y,54026.2,52676.2
UNH,UNIH,UNITEDHEALTH GP,12,Q,2011-09-30,Y,49632.45,42810.45
UNH,UNIH,UNITEDHEALTH GP,12,Q,2011-06-30,Y,55883.74,53018.74
UNH,UNIH,UNITEDHEALTH GP,12,Q,2011-03-31,Y,49435.02,46644.02
UTX,UA,UTD TECHS CORP,12,Q,2017-09-30,Y,92698.0,
UTX,UA,UTD TECHS CORP,12,Q,2017-06-30,Y,97538.15,112076.15
UTX,UA,UTD TECHS CORP,12,Q,2017-03-31,Y,89905.74,103647.74
UTX,UA,UTD TECHS CORP,12,Q,2016-12-31,Y,90261.77,104801.77
UTX,UA,UTD TECHS CORP,12,Q,2016-09-30,Y,83658.05,96741.05
UTX,UA,UTD TECHS CORP,12,Q,2016-06-30,Y,85820.62,99165.62
UTX,UA,UTD TECHS CORP,12,Q,2016-03-31,Y,83770.29,98243.29
UTX,UA,UTD TECHS CORP,12,Q,2015-12-31,Y,85216.11,97461.11
UTX,UA,UTD TECHS CORP,12,Q,2015-09-30,Y,78936.0,92887.0
UTX,UA,UTD TECHS CORP,12,Q,2015-06-30,Y,98794.04,112350.04
UTX,UA,UTD TECHS CORP,12,Q,2015-03-31,Y,104331.67,116859.67
UTX,UA,UTD TECHS CORP,12,Q,2014-12-31,Y,104840.67,117389.67
UTX,UA,UTD TECHS CORP,12,Q,2014-09-30,Y,96271.09,109093.09
UTX,UA,UTD TECHS CORP,12,Q,2014-06-30,Y,105836.59,118711.59
UTX,UA,UTD TECHS CORP,12,Q,2014-03-31,Y,107077.32,122339.32
UTX,UA,UTD TECHS CORP,12,Q,2013-12-31,Y,104153.86,119275.86
UTX,UA,UTD TECHS CORP,12,Q,2013-09-30,Y,98925.82,114089.82
UTX,UA,UTD TECHS CORP,12,Q,2013-06-30,Y,85439.84,100905.84
UTX,UA,UTD TECHS CORP,12,Q,2013-03-31,Y,85793.32,102598.32
UTX,UA,UTD TECHS CORP,12,Q,2012-12-31,Y,75165.86,91943.86
UTX,UA,UTD TECHS CORP,12,Q,2012-09-30,Y,71383.81,88550.81
UTX,UA,UTD TECHS CORP,12,Q,2012-06-30,Y,68834.87,72603.87
UTX,UA,UTD TECHS CORP,12,Q,2012-03-31,Y,75488.84,78694.84
UTX,UA,UTD TECHS CORP,12,Q,2011-12-31,Y,66225.97,69766.97
UTX,UA,UTD TECHS CORP,12,Q,2011-09-30,Y,63937.05,67472.05
UTX,UA,UTD TECHS CORP,12,Q,2011-06-30,Y,81009.84,85105.84
UTX,UA,UTD TECHS CORP,12,Q,2011-03-31,Y,77979.08,83525.08
V,VISA,VISA INC-A,9,Q,2017-09-30,Y,219747.53,227422.53
V,VISA,VISA INC-A,9,Q,2017-06-30,Y,195818.36,204265.36
V,VISA,VISA INC-A,9,Q,2017-03-31,Y,187111.08,197897.08
V,VISA,VISA INC-A,9,Q,2016-12-31,Y,165012.3,174318.3
V,VISA,VISA INC-A,9,Q,2016-09-30,Y,176399.09,188033.09
V,VISA,VISA INC-A,9,Q,2016-06-30,Y,159688.0,171505.0
V,VISA,VISA INC-A,9,Q,2016-03-31,Y,165885.13,160803.13
V,VISA,VISA INC-A,9,Q,2015-12-31,Y,169834.5,163305.5
V,VISA,VISA INC-A,9,Q,2015-09-30,Y,154296.91,147209.91
V,VISA,VISA INC-A,9,Q,2015-06-30,Y,148737.25,142872.25
V,VISA,VISA INC-A,9,Q,2015-03-31,Y,145798.89,140014.89
V,VISA,VISA INC-A,9,Q,2014-12-31,Y,199272.02,193294.02
V,VISA,VISA INC-A,9,Q,2014-09-30,Y,162587.94,157139.94
V,VISA,VISA INC-A,9,Q,2014-06-30,Y,161403.86,156234.86
V,VISA,VISA INC-A,9,Q,2014-03-31,Y,166428.06,161829.06
V,VISA,VISA INC-A,9,Q,2013-12-31,Y,173422.73,169283.73
V,VISA,VISA INC-A,9,Q,2013-09-30,Y,150490.3,146186.3
V,VISA,VISA INC-A,9,Q,2013-06-30,Y,144738.0,141341.0
V,VISA,VISA INC-A,9,Q,2013-03-31,Y,136451.33,133683.33
V,VISA,VISA INC-A,9,Q,2012-12-31,Y,122871.96,120037.96
V,VISA,VISA INC-A,9,Q,2012-09-30,Y,108923.23,101674.23
V,VISA,VISA INC-A,9,Q,2012-06-30,Y,100632.1,94047.1
V,VISA,VISA INC-A,9,Q,2012-03-31,Y,95945.68,88706.68
V,VISA,VISA INC-A,9,Q,2011-12-31,Y,82538.51,75445.51
V,VISA,VISA INC-A,9,Q,2011-09-30,Y,70027.92,63772.92
V,VISA,VISA INC-A,9,Q,2011-06-30,Y,69941.78,63216.78
V,VISA,VISA INC-A,9,Q,2011-03-31,Y,61325.46,54644.46
VZ,BEL,VERIZON COMM,12,Q,2017-09-30,Y,201891.53,312721.53
VZ,BEL,VERIZON COMM,12,Q,2017-06-30,Y,182168.14,293975.13
VZ,BEL,VERIZON COMM,12,Q,2017-03-31,Y,198869.23,307401.25
VZ,BEL,VERIZON COMM,12,Q,2016-12-31,Y,217610.73,320163.75
VZ,BEL,VERIZON COMM,12,Q,2016-09-30,Y,211922.47,308220.47
VZ,BEL,VERIZON COMM,12,Q,2016-06-30,Y,227603.86,317668.88
VZ,BEL,VERIZON COMM,12,Q,2016-03-31,Y,220430.09,318199.09
VZ,BEL,VERIZON COMM,12,Q,2015-12-31,Y,188254.08,286674.06
VZ,BEL,VERIZON COMM,12,Q,2015-09-30,Y,177042.19,277921.19
VZ,BEL,VERIZON COMM,12,Q,2015-06-30,Y,189516.28,295664.28
VZ,BEL,VERIZON COMM,12,Q,2015-03-31,Y,198336.84,302352.84
VZ,BEL,VERIZON COMM,12,Q,2014-12-31,Y,194124.09,293507.09
VZ,BEL,VERIZON COMM,12,Q,2014-09-30,Y,207444.72,307218.72
VZ,BEL,VERIZON COMM,12,Q,2014-06-30,Y,202626.44,303898.44
VZ,BEL,VERIZON COMM,12,Q,2014-03-31,Y,196939.8,301012.81
VZ,BEL,VERIZON COMM,12,Q,2013-12-31,Y,203495.63,239024.63
VZ,BEL,VERIZON COMM,12,Q,2013-09-30,Y,133571.34,167168.34
VZ,BEL,VERIZON COMM,12,Q,2013-06-30,Y,144022.75,183407.75
VZ,BEL,VERIZON COMM,12,Q,2013-03-31,Y,140484.23,176342.23
VZ,BEL,VERIZON COMM,12,Q,2012-12-31,Y,123492.59,167547.59
VZ,BEL,VERIZON COMM,12,Q,2012-09-30,Y,129823.34,165983.34
VZ,BEL,VERIZON COMM,12,Q,2012-06-30,Y,126255.51,161956.5
VZ,BEL,VERIZON COMM,12,Q,2012-03-31,Y,108402.09,150346.09
VZ,BEL,VERIZON COMM,12,Q,2011-12-31,Y,113583.37,149932.38
VZ,BEL,VERIZON COMM,12,Q,2011-09-30,Y,104180.8,139607.81
VZ,BEL,VERIZON COMM,12,Q,2011-06-30,Y,105326.58,146425.58
VZ,BEL,VERIZON COMM,12,Q,2011-03-31,Y,107912.02,142556.02
WMT,WMS,WAL-MART STORES,1,Q,2017-09-30,Y,233419.97,267419.97
WMT,WMS,WAL-MART STORES,1,Q,2017-06-30,Y,228137.28,261617.28
WMT,WMS,WAL-MART STORES,1,Q,2017-03-31,Y,218619.3,253770.3
WMT,WMS,WAL-MART STORES,1,Q,2016-12-31,Y,212418.92,248587.92
WMT,WMS,WAL-MART STORES,1,Q,2016-09-30,Y,223085.78,258152.78
WMT,WMS,WAL-MART STORES,1,Q,2016-06-30,Y,227577.56,263373.56
WMT,WMS,WAL-MART STORES,1,Q,2016-03-31,Y,214974.5,250299.5
WMT,WMS,WAL-MART STORES,1,Q,2015-12-31,Y,196276.05,233484.05
WMT,WMS,WAL-MART STORES,1,Q,2015-09-30,Y,207873.28,244965.28
WMT,WMS,WAL-MART STORES,1,Q,2015-06-30,Y,228433.55,263638.56
WMT,WMS,WAL-MART STORES,1,Q,2015-03-31,Y,265297.63,299657.63
WMT,WMS,WAL-MART STORES,1,Q,2014-12-31,Y,276807.56,314375.56
WMT,WMS,WAL-MART STORES,1,Q,2014-09-30,Y,246425.59,285737.59
WMT,WMS,WAL-MART STORES,1,Q,2014-06-30,Y,241995.95,284216.94
WMT,WMS,WAL-MART STORES,1,Q,2014-03-31,Y,246805.84,284083.84
WMT,WMS,WAL-MART STORES,1,Q,2013-12-31,Y,255275.58,291082.56
WMT,WMS,WAL-MART STORES,1,Q,2013-09-30,Y,242343.13,276912.13
WMT,WMS,WAL-MART STORES,1,Q,2013-06-30,Y,245059.52,280755.5
WMT,WMS,WAL-MART STORES,1,Q,2013-03-31,Y,250324.17,283960.19
WMT,WMS,WAL-MART STORES,1,Q,2012-12-31,Y,229351.34,262544.34
WMT,WMS,WAL-MART STORES,1,Q,2012-09-30,Y,249705.36,285947.38
WMT,WMS,WAL-MART STORES,1,Q,2012-06-30,Y,237095.06,274974.06
WMT,WMS,WAL-MART STORES,1,Q,2012-03-31,Y,209591.47,250120.47
WMT,WMS,WAL-MART STORES,1,Q,2011-12-31,Y,205971.03,246759.03
WMT,WMS,WAL-MART STORES,1,Q,2011-09-30,Y,180225.88,220575.88
WMT,WMS,WAL-MART STORES,1,Q,2011-06-30,Y,185258.53,224555.53
WMT,WMS,WAL-MART STORES,1,Q,2011-03-31,Y,185401.8,221848.8
XOM,J,EXXON MOBIL CRP,12,Q,2017-09-30,Y,347349.28,
XOM,J,EXXON MOBIL CRP,12,Q,2017-06-30,Y,342074.38,362782.38
XOM,J,EXXON MOBIL CRP,12,Q,2017-03-31,Y,347700.44,367927.44
XOM,J,EXXON MOBIL CRP,12,Q,2016-12-31,Y,374280.56,399555.56
XOM,J,EXXON MOBIL CRP,12,Q,2016-09-30,Y,361919.66,385742.66
XOM,J,EXXON MOBIL CRP,12,Q,2016-06-30,Y,388703.34,413844.34
XOM,J,EXXON MOBIL CRP,12,Q,2016-03-31,Y,346918.66,371640.66
XOM,J,EXXON MOBIL CRP,12,Q,2015-12-31,Y,324501.09,340721.09
XOM,J,EXXON MOBIL CRP,12,Q,2015-09-30,Y,309998.53,325541.53
XOM,J,EXXON MOBIL CRP,12,Q,2015-06-30,Y,347868.22,362921.22
XOM,J,EXXON MOBIL CRP,12,Q,2015-03-31,Y,356106.66,370373.66
XOM,J,EXXON MOBIL CRP,12,Q,2014-12-31,Y,391482.22,398477.22
XOM,J,EXXON MOBIL CRP,12,Q,2014-09-30,Y,401094.34,407671.34
XOM,J,EXXON MOBIL CRP,12,Q,2014-06-30,Y,432357.69,437893.69
XOM,J,EXXON MOBIL CRP,12,Q,2014-03-31,Y,422098.66,428437.66
XOM,J,EXXON MOBIL CRP,12,Q,2013-12-31,Y,442093.63,444071.63
XOM,J,EXXON MOBIL CRP,12,Q,2013-09-30,Y,378716.44,380371.44
XOM,J,EXXON MOBIL CRP,12,Q,2013-06-30,Y,401730.06,404214.06
XOM,J,EXXON MOBIL CRP,12,Q,2013-03-31,Y,403733.38,404618.38
XOM,J,EXXON MOBIL CRP,12,Q,2012-12-31,Y,394611.19,392616.19
XOM,J,EXXON MOBIL CRP,12,Q,2012-09-30,Y,422127.66,417794.66
XOM,J,EXXON MOBIL CRP,12,Q,2012-06-30,Y,400139.44,390999.44
XOM,J,EXXON MOBIL CRP,12,Q,2012-03-31,Y,408777.69,398861.69
XOM,J,EXXON MOBIL CRP,12,Q,2011-12-31,Y,406272.31,402526.31
XOM,J,EXXON MOBIL CRP,12,Q,2011-09-30,Y,353135.41,351211.41
XOM,J,EXXON MOBIL CRP,12,Q,2011-06-30,Y,400884.91,402720.91
XOM,J,EXXON MOBIL CRP,12,Q,2011-03-31,Y,417166.84,416248.84
